group_desc,perf_code1,perf_dt1,category1,tkt_count2,comp_count3,trn_amount3
Week ending 2025-09-07,250902E,"Tue, 9/2/2025 8:00 PM",Exchange,8,0,980.00
Week ending 2025-09-07,250902E,"Tue, 9/2/2025 8:00 PM",Internet,889,0,"107,220.00"
Week ending 2025-09-07,250902E,"Tue, 9/2/2025 8:00 PM",Single,175,0,"22,807.00"
Week ending 2025-09-07,250902E,"Tue, 9/2/2025 8:00 PM",Subscription,48,0,"6,161.00"
Week ending 2025-09-07,250903E,"Wed, 9/3/2025 8:00 PM",Exchange,(6),0,"-1,020.00"
Week ending 2025-09-07,250903E,"Wed, 9/3/2025 8:00 PM",Internet,874,0,"105,618.00"
Week ending 2025-09-07,250903E,"Wed, 9/3/2025 8:00 PM",Single,188,0,"23,037.00"
Week ending 2025-09-07,250903E,"Wed, 9/3/2025 8:00 PM",Subscription,43,0,"6,551.00"
Week ending 2025-09-07,SY250902P,"Tue, 9/2/2025 8:00 PM",Exchange,4,0,73.00
Week ending 2025-09-07,SY250902P,"Tue, 9/2/2025 8:00 PM",Internet,311,0,"5,561.00"
Week ending 2025-09-07,SY250902P,"Tue, 9/2/2025 8:00 PM",Single,60,0,"1,068.00"
Week ending 2025-09-07,SY250902P,"Tue, 9/2/2025 8:00 PM",Subscription,18,0,297.00
Week ending 2025-09-07,SY250903P,"Wed, 9/3/2025 8:00 PM",Exchange,1,0,16.00
Week ending 2025-09-07,SY250903P,"Wed, 9/3/2025 8:00 PM",Internet,299,0,"5,252.00"
Week ending 2025-09-07,SY250903P,"Wed, 9/3/2025 8:00 PM",Single,57,0,"1,020.00"
Week ending 2025-09-07,SY250903P,"Wed, 9/3/2025 8:00 PM",Subscription,16,0,301.00
Week ending 2025-09-07,250905E,"Fri, 9/5/2025 8:00 PM",Exchange,(12),0,-255.00
Week ending 2025-09-07,250905E,"Fri, 9/5/2025 8:00 PM",Internet,608,0,"18,320.00"
Week ending 2025-09-07,250905E,"Fri, 9/5/2025 8:00 PM",Single,60,0,"1,815.00"
Week ending 2025-09-07,250905E,"Fri, 9/5/2025 8:00 PM",Subscription,5,0,125.00
Week ending 2025-09-07,SY250905P,"Fri, 9/5/2025 8:00 PM",Exchange,(5),0,-89.00
Week ending 2025-09-07,SY250905P,"Fri, 9/5/2025 8:00 PM",Internet,173,0,"3,038.00"
Week ending 2025-09-07,SY250905P,"Fri, 9/5/2025 8:00 PM",Single,18,0,324.00
Week ending 2025-09-07,SY250905P,"Fri, 9/5/2025 8:00 PM",Subscription,2,0,48.00
Week ending 2025-09-14,250911E,"Thu, 9/11/2025 7:00 PM",Exchange,0,0,0.00
Week ending 2025-09-14,250912M,"Fri, 9/12/2025 11:00 AM",Exchange,0,0,0.00
Week ending 2025-09-14,SY250911P,"Thu, 9/11/2025 7:00 PM",Internet,21,0,363.00
Week ending 2025-09-14,SY250911P,"Thu, 9/11/2025 7:00 PM",Single,2,0,32.00
Week ending 2025-09-21,250919E,"Fri, 9/19/2025 8:00 PM",Exchange,(45),0,"-3,216.80"
Week ending 2025-09-21,250919E,"Fri, 9/19/2025 8:00 PM",Internet,546,0,"36,642.40"
Week ending 2025-09-21,250919E,"Fri, 9/19/2025 8:00 PM",Single,38,0,"2,433.50"
Week ending 2025-09-21,250919E,"Fri, 9/19/2025 8:00 PM",Subscription,538,0,"39,423.70"
Week ending 2025-09-21,250920E,"Sat, 9/20/2025 8:00 PM",Exchange,(66),0,"-5,216.20"
Week ending 2025-09-21,250920E,"Sat, 9/20/2025 8:00 PM",Internet,608,0,"42,523.40"
Week ending 2025-09-21,250920E,"Sat, 9/20/2025 8:00 PM",Single,61,0,"4,388.00"
Week ending 2025-09-21,250920E,"Sat, 9/20/2025 8:00 PM",Subscription,437,0,"32,525.40"
Week ending 2025-09-21,250921M,"Sun, 9/21/2025 2:00 PM",Exchange,38,0,"2,560.20"
Week ending 2025-09-21,250921M,"Sun, 9/21/2025 2:00 PM",Internet,450,0,"30,247.20"
Week ending 2025-09-21,250921M,"Sun, 9/21/2025 2:00 PM",Single,183,0,"10,701.80"
Week ending 2025-09-21,250921M,"Sun, 9/21/2025 2:00 PM",Subscription,290,0,"20,438.60"
Week ending 2025-09-21,SY250919P,"Fri, 9/19/2025 8:00 PM",Exchange,(20),0,-356.00
Week ending 2025-09-21,SY250919P,"Fri, 9/19/2025 8:00 PM",Internet,169,0,"2,947.00"
Week ending 2025-09-21,SY250919P,"Fri, 9/19/2025 8:00 PM",Single,12,0,228.00
Week ending 2025-09-21,SY250919P,"Fri, 9/19/2025 8:00 PM",Subscription,204,0,"3,570.00"
Week ending 2025-09-21,SY250920P,"Sat, 9/20/2025 8:00 PM",Exchange,(24),0,-402.00
Week ending 2025-09-21,SY250920P,"Sat, 9/20/2025 8:00 PM",Internet,182,0,"3,119.00"
Week ending 2025-09-21,SY250920P,"Sat, 9/20/2025 8:00 PM",Single,17,0,324.00
Week ending 2025-09-21,SY250920P,"Sat, 9/20/2025 8:00 PM",Subscription,180,0,"3,033.00"
Week ending 2025-09-21,SY250921P,"Sun, 9/21/2025 2:00 PM",Exchange,20,0,347.00
Week ending 2025-09-21,SY250921P,"Sun, 9/21/2025 2:00 PM",Internet,148,0,"2,503.00"
Week ending 2025-09-21,SY250921P,"Sun, 9/21/2025 2:00 PM",Single,39,0,678.00
Week ending 2025-09-21,SY250921P,"Sun, 9/21/2025 2:00 PM",Subscription,114,0,"2,004.00"
Week ending 2025-09-28,250928M,"Sun, 9/28/2025 2:00 PM",Exchange,(13),0,-342.00
Week ending 2025-09-28,250928M,"Sun, 9/28/2025 2:00 PM",Internet,433,0,"11,370.50"
Week ending 2025-09-28,250928M,"Sun, 9/28/2025 2:00 PM",Single,25,0,739.50
Week ending 2025-09-28,250928M,"Sun, 9/28/2025 2:00 PM",Subscription,175,0,"5,018.00"
Week ending 2025-09-28,SY250928P,"Sun, 9/28/2025 2:00 PM",Exchange,(3),0,-48.00
Week ending 2025-09-28,SY250928P,"Sun, 9/28/2025 2:00 PM",Internet,79,0,"1,336.00"
Week ending 2025-09-28,SY250928P,"Sun, 9/28/2025 2:00 PM",Single,4,0,73.00
Week ending 2025-09-28,SY250928P,"Sun, 9/28/2025 2:00 PM",Subscription,36,0,612.00
Week ending 2025-10-05,251004E,"Sat, 10/4/2025 8:00 PM",Exchange,(28),0,"-2,172.00"
Week ending 2025-10-05,251004E,"Sat, 10/4/2025 8:00 PM",Internet,15,0,"1,090.00"
Week ending 2025-10-05,251004E,"Sat, 10/4/2025 8:00 PM",Single,7,0,620.00
Week ending 2025-10-05,251004E,"Sat, 10/4/2025 8:00 PM",Subscription,6,0,462.00
Week ending 2025-10-05,SY251004P,"Sat, 10/4/2025 8:00 PM",Exchange,(11),0,-194.00
Week ending 2025-10-05,SY251004P,"Sat, 10/4/2025 8:00 PM",Internet,5,0,98.00
Week ending 2025-10-05,SY251004P,"Sat, 10/4/2025 8:00 PM",Single,3,0,48.00
Week ending 2025-10-05,SY251004P,"Sat, 10/4/2025 8:00 PM",Subscription,3,0,48.00
Week ending 2025-10-05,251002E,"Thu, 10/2/2025 5:30 PM",Single,110,0,"8,250.00"
Week ending 2025-10-12,251010E,"Fri, 10/10/2025 8:00 PM",Exchange,(8),0,-984.60
Week ending 2025-10-12,251010E,"Fri, 10/10/2025 8:00 PM",Internet,443,0,"26,235.80"
Week ending 2025-10-12,251010E,"Fri, 10/10/2025 8:00 PM",Single,108,0,"5,144.00"
Week ending 2025-10-12,251010E,"Fri, 10/10/2025 8:00 PM",Subscription,468,0,"32,268.40"
Week ending 2025-10-12,251011E,"Sat, 10/11/2025 8:00 PM",Exchange,(43),0,"-2,559.80"
Week ending 2025-10-12,251011E,"Sat, 10/11/2025 8:00 PM",Internet,486,0,"30,782.00"
Week ending 2025-10-12,251011E,"Sat, 10/11/2025 8:00 PM",Single,119,0,"4,983.90"
Week ending 2025-10-12,251011E,"Sat, 10/11/2025 8:00 PM",Subscription,500,0,"34,147.60"
Week ending 2025-10-12,251012M,"Sun, 10/12/2025 2:00 PM",Exchange,10,0,157.00
Week ending 2025-10-12,251012M,"Sun, 10/12/2025 2:00 PM",Internet,524,0,"31,814.50"
Week ending 2025-10-12,251012M,"Sun, 10/12/2025 2:00 PM",Single,182,0,"9,167.50"
Week ending 2025-10-12,251012M,"Sun, 10/12/2025 2:00 PM",Subscription,482,0,"31,637.10"
Week ending 2025-10-12,SY251010P,"Fri, 10/10/2025 8:00 PM",Exchange,(3),0,-57.00
Week ending 2025-10-12,SY251010P,"Fri, 10/10/2025 8:00 PM",Internet,147,0,"2,460.00"
Week ending 2025-10-12,SY251010P,"Fri, 10/10/2025 8:00 PM",Single,21,0,399.00
Week ending 2025-10-12,SY251010P,"Fri, 10/10/2025 8:00 PM",Subscription,190,0,"3,310.00"
Week ending 2025-10-12,SY251011P,"Sat, 10/11/2025 8:00 PM",Exchange,(8),0,-137.00
Week ending 2025-10-12,SY251011P,"Sat, 10/11/2025 8:00 PM",Internet,152,0,"2,603.00"
Week ending 2025-10-12,SY251011P,"Sat, 10/11/2025 8:00 PM",Single,18,0,297.00
Week ending 2025-10-12,SY251011P,"Sat, 10/11/2025 8:00 PM",Subscription,199,0,"3,481.00"
Week ending 2025-10-12,SY251012P,"Sun, 10/12/2025 2:00 PM",Exchange,(5),0,-62.00
Week ending 2025-10-12,SY251012P,"Sun, 10/12/2025 2:00 PM",Internet,200,0,"3,371.00"
Week ending 2025-10-12,SY251012P,"Sun, 10/12/2025 2:00 PM",Single,50,0,881.00
Week ending 2025-10-12,SY251012P,"Sun, 10/12/2025 2:00 PM",Subscription,187,0,"3,136.00"
Week ending 2025-10-12,251011A,"Sat, 10/11/2025 9:30 AM",Internet,82,0,656.00
Week ending 2025-10-12,251011B,"Sat, 10/11/2025 10:30 AM",Internet,113,0,904.00
Week ending 2025-10-12,251011C,"Sat, 10/11/2025 11:30 AM",Internet,65,0,520.00
Week ending 2025-10-19,251017E,"Fri, 10/17/2025 7:00 PM",Exchange,14,0,"1,186.50"
Week ending 2025-10-19,251017E,"Fri, 10/17/2025 7:00 PM",Internet,902,0,"67,257.00"
Week ending 2025-10-19,251017E,"Fri, 10/17/2025 7:00 PM",Single,146,0,"11,859.50"
Week ending 2025-10-19,251017E,"Fri, 10/17/2025 7:00 PM",Subscription,91,0,"7,173.50"
Week ending 2025-10-19,251018E,"Sat, 10/18/2025 7:00 PM",Exchange,6,0,"1,096.00"
Week ending 2025-10-19,251018E,"Sat, 10/18/2025 7:00 PM",Internet,1048,0,"78,526.00"
Week ending 2025-10-19,251018E,"Sat, 10/18/2025 7:00 PM",Single,153,0,"11,806.00"
Week ending 2025-10-19,251018E,"Sat, 10/18/2025 7:00 PM",Subscription,60,0,"4,921.00"
Week ending 2025-10-19,251019M,"Sun, 10/19/2025 2:00 PM",Exchange,(3),0,170.50
Week ending 2025-10-19,251019M,"Sun, 10/19/2025 2:00 PM",Internet,782,0,"61,496.00"
Week ending 2025-10-19,251019M,"Sun, 10/19/2025 2:00 PM",Single,130,0,"10,322.00"
Week ending 2025-10-19,251019M,"Sun, 10/19/2025 2:00 PM",Subscription,71,0,"5,386.00"
Week ending 2025-10-19,SY251017P,"Fri, 10/17/2025 7:00 PM",Exchange,8,0,137.00
Week ending 2025-10-19,SY251017P,"Fri, 10/17/2025 7:00 PM",Internet,248,0,"4,202.00"
Week ending 2025-10-19,SY251017P,"Fri, 10/17/2025 7:00 PM",Single,35,0,587.00
Week ending 2025-10-19,SY251017P,"Fri, 10/17/2025 7:00 PM",Subscription,32,0,539.00
Week ending 2025-10-19,SY251018P,"Sat, 10/18/2025 7:00 PM",Exchange,6,0,80.00
Week ending 2025-10-19,SY251018P,"Sat, 10/18/2025 7:00 PM",Internet,270,0,"4,635.00"
Week ending 2025-10-19,SY251018P,"Sat, 10/18/2025 7:00 PM",Single,42,0,735.00
Week ending 2025-10-19,SY251018P,"Sat, 10/18/2025 7:00 PM",Subscription,22,0,361.00
Week ending 2025-10-19,SY251019P,"Sun, 10/19/2025 2:00 PM",Exchange,(3),0,-41.00
Week ending 2025-10-19,SY251019P,"Sun, 10/19/2025 2:00 PM",Internet,217,0,"3,643.00"
Week ending 2025-10-19,SY251019P,"Sun, 10/19/2025 2:00 PM",Single,42,0,717.00
Week ending 2025-10-19,SY251019P,"Sun, 10/19/2025 2:00 PM",Subscription,20,0,356.00
Week ending 2025-10-26,251024E,"Fri, 10/24/2025 8:00 PM",Exchange,(32),0,"-1,873.10"
Week ending 2025-10-26,251024E,"Fri, 10/24/2025 8:00 PM",Internet,334,0,"24,043.00"
Week ending 2025-10-26,251024E,"Fri, 10/24/2025 8:00 PM",Single,19,0,"1,321.60"
Week ending 2025-10-26,251024E,"Fri, 10/24/2025 8:00 PM",Subscription,535,0,"39,412.60"
Week ending 2025-10-26,251025E,"Sat, 10/25/2025 8:00 PM",Exchange,(73),0,"-5,428.50"
Week ending 2025-10-26,251025E,"Sat, 10/25/2025 8:00 PM",Internet,444,0,"31,733.80"
Week ending 2025-10-26,251025E,"Sat, 10/25/2025 8:00 PM",Single,23,0,"1,780.00"
Week ending 2025-10-26,251025E,"Sat, 10/25/2025 8:00 PM",Subscription,448,0,"32,805.20"
Week ending 2025-10-26,251026M,"Sun, 10/26/2025 2:00 PM",Exchange,22,0,"1,298.60"
Week ending 2025-10-26,251026M,"Sun, 10/26/2025 2:00 PM",Internet,248,0,"17,611.20"
Week ending 2025-10-26,251026M,"Sun, 10/26/2025 2:00 PM",Single,25,0,"1,675.00"
Week ending 2025-10-26,251026M,"Sun, 10/26/2025 2:00 PM",Subscription,289,0,"20,527.90"
Week ending 2025-10-26,251022E,"Wed, 10/22/2025 7:00 PM",Exchange,4,0,253.00
Week ending 2025-10-26,251022E,"Wed, 10/22/2025 7:00 PM",Internet,220,0,"11,953.30"
Week ending 2025-10-26,251022E,"Wed, 10/22/2025 7:00 PM",Single,52,0,"2,442.00"
Week ending 2025-10-26,251022E,"Wed, 10/22/2025 7:00 PM",Subscription,61,0,"3,949.00"
Week ending 2025-10-26,SY251024P,"Fri, 10/24/2025 8:00 PM",Exchange,(9),0,-162.00
Week ending 2025-10-26,SY251024P,"Fri, 10/24/2025 8:00 PM",Internet,100,0,"1,690.00"
Week ending 2025-10-26,SY251024P,"Fri, 10/24/2025 8:00 PM",Single,7,0,130.00
Week ending 2025-10-26,SY251024P,"Fri, 10/24/2025 8:00 PM",Subscription,203,0,"3,554.00"
Week ending 2025-10-26,SY251025P,"Sat, 10/25/2025 8:00 PM",Exchange,(28),0,-457.00
Week ending 2025-10-26,SY251025P,"Sat, 10/25/2025 8:00 PM",Internet,118,0,"2,032.00"
Week ending 2025-10-26,SY251025P,"Sat, 10/25/2025 8:00 PM",Single,7,0,139.00
Week ending 2025-10-26,SY251025P,"Sat, 10/25/2025 8:00 PM",Subscription,187,0,"3,145.00"
Week ending 2025-10-26,SY251026P,"Sun, 10/26/2025 2:00 PM",Exchange,9,0,153.00
Week ending 2025-10-26,SY251026P,"Sun, 10/26/2025 2:00 PM",Internet,72,0,"1,233.00"
Week ending 2025-10-26,SY251026P,"Sun, 10/26/2025 2:00 PM",Single,9,0,171.00
Week ending 2025-10-26,SY251026P,"Sun, 10/26/2025 2:00 PM",Subscription,112,0,"1,972.00"
Week ending 2025-10-26,SY251022P,"Wed, 10/22/2025 7:00 PM",Exchange,2,0,32.00
Week ending 2025-10-26,SY251022P,"Wed, 10/22/2025 7:00 PM",Internet,60,0,"1,023.00"
Week ending 2025-10-26,SY251022P,"Wed, 10/22/2025 7:00 PM",Single,21,0,345.00
Week ending 2025-10-26,SY251022P,"Wed, 10/22/2025 7:00 PM",Subscription,22,0,388.00
Week ending 2025-11-02,251031E,"Fri, 10/31/2025 8:00 PM",Exchange,(45),0,"-2,678.60"
Week ending 2025-11-02,251031E,"Fri, 10/31/2025 8:00 PM",Internet,229,0,"13,749.50"
Week ending 2025-11-02,251031E,"Fri, 10/31/2025 8:00 PM",Single,61,0,"2,995.50"
Week ending 2025-11-02,251031E,"Fri, 10/31/2025 8:00 PM",Subscription,301,0,"21,812.90"
Week ending 2025-11-02,251101E,"Sat, 11/1/2025 8:00 PM",Exchange,19,0,600.50
Week ending 2025-11-02,251101E,"Sat, 11/1/2025 8:00 PM",Internet,524,0,"33,262.40"
Week ending 2025-11-02,251101E,"Sat, 11/1/2025 8:00 PM",Single,132,0,"5,093.00"
Week ending 2025-11-02,251101E,"Sat, 11/1/2025 8:00 PM",Subscription,529,0,"34,760.90"
Week ending 2025-11-02,251102M,"Sun, 11/2/2025 2:00 PM",Exchange,49,0,"3,182.30"
Week ending 2025-11-02,251102M,"Sun, 11/2/2025 2:00 PM",Internet,434,0,"27,368.00"
Week ending 2025-11-02,251102M,"Sun, 11/2/2025 2:00 PM",Single,96,0,"5,778.00"
Week ending 2025-11-02,251102M,"Sun, 11/2/2025 2:00 PM",Subscription,461,0,"30,115.20"
Week ending 2025-11-02,251029E,"Wed, 10/29/2025 8:00 PM",Internet,10,0,"1,400.00"
Week ending 2025-11-02,251029E,"Wed, 10/29/2025 8:00 PM",Single,16,0,"2,240.00"
Week ending 2025-11-02,251029E,"Wed, 10/29/2025 8:00 PM",Subscription,7,0,980.00
Week ending 2025-11-02,SY251031P,"Fri, 10/31/2025 8:00 PM",Exchange,(14),0,-233.00
Week ending 2025-11-02,SY251031P,"Fri, 10/31/2025 8:00 PM",Internet,85,0,"1,468.00"
Week ending 2025-11-02,SY251031P,"Fri, 10/31/2025 8:00 PM",Single,17,0,317.00
Week ending 2025-11-02,SY251031P,"Fri, 10/31/2025 8:00 PM",Subscription,128,0,"2,219.00"
Week ending 2025-11-02,SY251101P,"Sat, 11/1/2025 8:00 PM",Exchange,4,0,62.00
Week ending 2025-11-02,SY251101P,"Sat, 11/1/2025 8:00 PM",Internet,160,0,"2,785.00"
Week ending 2025-11-02,SY251101P,"Sat, 11/1/2025 8:00 PM",Single,32,0,548.00
Week ending 2025-11-02,SY251101P,"Sat, 11/1/2025 8:00 PM",Subscription,213,0,"3,669.00"
Week ending 2025-11-02,SY251102P,"Sun, 11/2/2025 2:00 PM",Exchange,24,0,402.00
Week ending 2025-11-02,SY251102P,"Sun, 11/2/2025 2:00 PM",Internet,135,0,"2,358.00"
Week ending 2025-11-02,SY251102P,"Sun, 11/2/2025 2:00 PM",Single,31,0,559.00
Week ending 2025-11-02,SY251102P,"Sun, 11/2/2025 2:00 PM",Subscription,173,0,"2,912.00"
Week ending 2025-11-02,SY251029P,"Wed, 10/29/2025 8:00 PM",Internet,4,0,73.00
Week ending 2025-11-09,251109M,"Sun, 11/9/2025 2:00 PM",Exchange,4,0,83.00
Week ending 2025-11-09,251109M,"Sun, 11/9/2025 2:00 PM",Internet,363,0,"9,867.50"
Week ending 2025-11-09,251109M,"Sun, 11/9/2025 2:00 PM",Single,4,0,145.00
Week ending 2025-11-09,251109M,"Sun, 11/9/2025 2:00 PM",Subscription,175,0,"4,986.00"
Week ending 2025-11-09,SY251109P,"Sun, 11/9/2025 2:00 PM",Exchange,2,0,32.00
Week ending 2025-11-09,SY251109P,"Sun, 11/9/2025 2:00 PM",Internet,66,0,"1,110.00"
Week ending 2025-11-09,SY251109P,"Sun, 11/9/2025 2:00 PM",Single,3,0,48.00
Week ending 2025-11-09,SY251109P,"Sun, 11/9/2025 2:00 PM",Subscription,36,0,612.00
Week ending 2025-11-09,251105E,"Wed, 11/5/2025 6:00 PM",Exchange,0,0,0.00
Week ending 2025-11-09,SY251105P,"Wed, 11/5/2025 6:00 PM",Internet,45,0,738.00
Week ending 2025-11-09,SY251105P,"Wed, 11/5/2025 6:00 PM",Single,5,0,80.00
Week ending 2025-11-23,251121E,"Fri, 11/21/2025 8:00 PM",Exchange,(2),0,-90.90
Week ending 2025-11-23,251121E,"Fri, 11/21/2025 8:00 PM",Internet,147,0,"9,833.00"
Week ending 2025-11-23,251121E,"Fri, 11/21/2025 8:00 PM",Single,21,0,970.50
Week ending 2025-11-23,251121E,"Fri, 11/21/2025 8:00 PM",Subscription,287,0,"20,946.00"
Week ending 2025-11-23,251122E,"Sat, 11/22/2025 8:00 PM",Exchange,11,0,858.00
Week ending 2025-11-23,251122E,"Sat, 11/22/2025 8:00 PM",Internet,252,0,"16,359.00"
Week ending 2025-11-23,251122E,"Sat, 11/22/2025 8:00 PM",Single,18,0,"1,109.00"
Week ending 2025-11-23,251122E,"Sat, 11/22/2025 8:00 PM",Subscription,480,0,"33,272.70"
Week ending 2025-11-23,251123M,"Sun, 11/23/2025 2:00 PM",Exchange,(6),0,-208.10
Week ending 2025-11-23,251123M,"Sun, 11/23/2025 2:00 PM",Internet,264,0,"17,203.00"
Week ending 2025-11-23,251123M,"Sun, 11/23/2025 2:00 PM",Single,26,0,"2,064.00"
Week ending 2025-11-23,251123M,"Sun, 11/23/2025 2:00 PM",Subscription,465,0,"30,688.20"
Week ending 2025-11-23,SY251121P,"Fri, 11/21/2025 8:00 PM",Exchange,(1),0,-7.00
Week ending 2025-11-23,SY251121P,"Fri, 11/21/2025 8:00 PM",Internet,53,0,929.00
Week ending 2025-11-23,SY251121P,"Fri, 11/21/2025 8:00 PM",Single,8,0,137.00
Week ending 2025-11-23,SY251121P,"Fri, 11/21/2025 8:00 PM",Subscription,124,0,"2,155.00"
Week ending 2025-11-23,SY251122P,"Sat, 11/22/2025 8:00 PM",Exchange,6,0,96.00
Week ending 2025-11-23,SY251122P,"Sat, 11/22/2025 8:00 PM",Internet,79,0,"1,390.00"
Week ending 2025-11-23,SY251122P,"Sat, 11/22/2025 8:00 PM",Single,5,0,98.00
Week ending 2025-11-23,SY251122P,"Sat, 11/22/2025 8:00 PM",Subscription,193,0,"3,385.00"
Week ending 2025-11-23,SY251123P,"Sun, 11/23/2025 2:00 PM",Exchange,(3),0,-30.00
Week ending 2025-11-23,SY251123P,"Sun, 11/23/2025 2:00 PM",Internet,93,0,"1,560.00"
Week ending 2025-11-23,SY251123P,"Sun, 11/23/2025 2:00 PM",Single,9,0,171.00
Week ending 2025-11-23,SY251123P,"Sun, 11/23/2025 2:00 PM",Subscription,184,0,"3,088.00"
Week ending 2025-11-23,SY251123P2,"Sun, 11/23/2025 7:00 PM",Internet,71,0,"1,208.00"
Week ending 2025-11-23,SY251123P2,"Sun, 11/23/2025 7:00 PM",Single,1,0,16.00
Week ending 2025-11-23,251123E,"Sun, 11/23/2025 7:00 PM",Exchange,0,0,0.00
Week ending 2025-11-30,251128E,"Fri, 11/28/2025 7:00 PM",Exchange,7,0,644.00
Week ending 2025-11-30,251128E,"Fri, 11/28/2025 7:00 PM",Internet,518,0,"37,243.00"
Week ending 2025-11-30,251128E,"Fri, 11/28/2025 7:00 PM",Single,52,0,"4,010.00"
Week ending 2025-11-30,251128E,"Fri, 11/28/2025 7:00 PM",Subscription,29,0,"2,450.20"
Week ending 2025-11-30,251129BE,"Sat, 11/29/2025 7:00 PM",Exchange,8,0,673.40
Week ending 2025-11-30,251129BE,"Sat, 11/29/2025 7:00 PM",Internet,386,0,"28,130.00"
Week ending 2025-11-30,251129BE,"Sat, 11/29/2025 7:00 PM",Single,65,0,"4,474.08"
Week ending 2025-11-30,251129BE,"Sat, 11/29/2025 7:00 PM",Subscription,26,0,"2,219.40"
Week ending 2025-11-30,251129AM,"Sat, 11/29/2025 1:00 PM",Exchange,2,0,130.00
Week ending 2025-11-30,251129AM,"Sat, 11/29/2025 1:00 PM",Internet,483,0,"34,833.00"
Week ending 2025-11-30,251129AM,"Sat, 11/29/2025 1:00 PM",Single,103,0,"5,960.10"
Week ending 2025-11-30,251129AM,"Sat, 11/29/2025 1:00 PM",Subscription,9,0,512.10
Week ending 2025-11-30,251130M,"Sun, 11/30/2025 2:00 PM",Exchange,2,0,110.00
Week ending 2025-11-30,251130M,"Sun, 11/30/2025 2:00 PM",Internet,606,0,"43,814.60"
Week ending 2025-11-30,251130M,"Sun, 11/30/2025 2:00 PM",Single,107,0,"6,901.40"
Week ending 2025-11-30,251130M,"Sun, 11/30/2025 2:00 PM",Subscription,33,0,"2,568.40"
Week ending 2025-11-30,SY251128P,"Fri, 11/28/2025 7:00 PM",Exchange,2,0,32.00
Week ending 2025-11-30,SY251128P,"Fri, 11/28/2025 7:00 PM",Internet,90,0,"1,566.00"
Week ending 2025-11-30,SY251128P,"Fri, 11/28/2025 7:00 PM",Single,9,0,144.00
Week ending 2025-11-30,SY251128P,"Fri, 11/28/2025 7:00 PM",Subscription,8,0,137.00
Week ending 2025-11-30,SY251129AP,"Sat, 11/29/2025 1:00 PM",Internet,81,0,"1,404.00"
Week ending 2025-11-30,SY251129AP,"Sat, 11/29/2025 1:00 PM",Single,12,0,192.00
Week ending 2025-11-30,SY251129AP,"Sat, 11/29/2025 1:00 PM",Subscription,2,0,32.00
Week ending 2025-11-30,SY251129BP,"Sat, 11/29/2025 7:00 PM",Exchange,2,0,32.00
Week ending 2025-11-30,SY251129BP,"Sat, 11/29/2025 7:00 PM",Internet,76,0,"1,324.00"
Week ending 2025-11-30,SY251129BP,"Sat, 11/29/2025 7:00 PM",Single,13,0,244.00
Week ending 2025-11-30,SY251129BP,"Sat, 11/29/2025 7:00 PM",Subscription,7,0,121.00
Week ending 2025-11-30,SY251130P,"Sun, 11/30/2025 2:00 PM",Exchange,1,0,16.00
Week ending 2025-11-30,SY251130P,"Sun, 11/30/2025 2:00 PM",Internet,124,0,"2,155.00"
Week ending 2025-11-30,SY251130P,"Sun, 11/30/2025 2:00 PM",Single,17,0,290.00
Week ending 2025-11-30,SY251130P,"Sun, 11/30/2025 2:00 PM",Subscription,11,0,185.00
Week ending 2025-12-07,251205E,"Fri, 12/5/2025 7:00 PM",Exchange,3,0,197.00
Week ending 2025-12-07,251205E,"Fri, 12/5/2025 7:00 PM",Internet,362,0,"19,956.00"
Week ending 2025-12-07,251205E,"Fri, 12/5/2025 7:00 PM",Single,123,0,"6,110.00"
Week ending 2025-12-07,251205E,"Fri, 12/5/2025 7:00 PM",Subscription,50,0,"3,295.00"
Week ending 2025-12-07,251206E,"Sat, 12/6/2025 7:00 PM",Exchange,9,0,636.00
Week ending 2025-12-07,251206E,"Sat, 12/6/2025 7:00 PM",Internet,357,0,"21,219.00"
Week ending 2025-12-07,251206E,"Sat, 12/6/2025 7:00 PM",Single,97,0,"6,176.00"
Week ending 2025-12-07,251206E,"Sat, 12/6/2025 7:00 PM",Subscription,44,0,"2,578.50"
Week ending 2025-12-07,251207M,"Sun, 12/7/2025 2:00 PM",Exchange,11,0,531.50
Week ending 2025-12-07,251207M,"Sun, 12/7/2025 2:00 PM",Internet,415,0,"23,654.00"
Week ending 2025-12-07,251207M,"Sun, 12/7/2025 2:00 PM",Single,141,0,"6,479.50"
Week ending 2025-12-07,251207M,"Sun, 12/7/2025 2:00 PM",Subscription,43,0,"2,874.00"
Week ending 2025-12-07,SY251205P,"Fri, 12/5/2025 7:00 PM",Exchange,1,0,7.00
Week ending 2025-12-07,SY251205P,"Fri, 12/5/2025 7:00 PM",Internet,93,0,"1,578.00"
Week ending 2025-12-07,SY251205P,"Fri, 12/5/2025 7:00 PM",Single,31,0,532.00
Week ending 2025-12-07,SY251205P,"Fri, 12/5/2025 7:00 PM",Subscription,20,0,356.00
Week ending 2025-12-07,SY251206P,"Sat, 12/6/2025 7:00 PM",Exchange,3,0,48.00
Week ending 2025-12-07,SY251206P,"Sat, 12/6/2025 7:00 PM",Internet,92,0,"1,616.00"
Week ending 2025-12-07,SY251206P,"Sat, 12/6/2025 7:00 PM",Single,30,0,534.00
Week ending 2025-12-07,SY251206P,"Sat, 12/6/2025 7:00 PM",Subscription,14,0,269.00
Week ending 2025-12-07,SY251207P,"Sun, 12/7/2025 2:00 PM",Exchange,4,0,73.00
Week ending 2025-12-07,SY251207P,"Sun, 12/7/2025 2:00 PM",Internet,116,0,"2,108.00"
Week ending 2025-12-07,SY251207P,"Sun, 12/7/2025 2:00 PM",Single,37,0,664.00
Week ending 2025-12-07,SY251207P,"Sun, 12/7/2025 2:00 PM",Subscription,17,0,299.00
Week ending 2025-12-07,251205M,"Fri, 12/5/2025 12:00 PM",Exchange,0,0,0.00
Week ending 2025-12-07,SY251205P1,"Fri, 12/5/2025 12:00 PM",Internet,29,0,482.00
Week ending 2025-12-07,251206A,"Sat, 12/6/2025 9:30 AM",Exchange,0,0,0.00
Week ending 2025-12-07,251206B,"Sat, 12/6/2025 10:30 AM",Exchange,0,0,0.00
Week ending 2025-12-07,251206C,"Sat, 12/6/2025 11:30 AM",Exchange,0,0,0.00
Week ending 2025-12-14,251212E,"Fri, 12/12/2025 7:00 PM",Exchange,20,0,"2,207.00"
Week ending 2025-12-14,251212E,"Fri, 12/12/2025 7:00 PM",Internet,1033,0,"105,021.00"
Week ending 2025-12-14,251212E,"Fri, 12/12/2025 7:00 PM",Single,123,0,"12,354.00"
Week ending 2025-12-14,251212E,"Fri, 12/12/2025 7:00 PM",Subscription,57,0,"6,013.00"
Week ending 2025-12-14,251213E,"Sat, 12/13/2025 7:00 PM",Exchange,12,0,955.00
Week ending 2025-12-14,251213E,"Sat, 12/13/2025 7:00 PM",Internet,1205,0,"118,470.00"
Week ending 2025-12-14,251213E,"Sat, 12/13/2025 7:00 PM",Single,138,0,"13,792.00"
Week ending 2025-12-14,251213E,"Sat, 12/13/2025 7:00 PM",Subscription,74,0,"7,887.50"
Week ending 2025-12-14,SY251212P,"Fri, 12/12/2025 7:00 PM",Exchange,9,0,171.00
Week ending 2025-12-14,SY251212P,"Fri, 12/12/2025 7:00 PM",Internet,243,0,"4,239.00"
Week ending 2025-12-14,SY251212P,"Fri, 12/12/2025 7:00 PM",Single,32,0,566.00
Week ending 2025-12-14,SY251212P,"Fri, 12/12/2025 7:00 PM",Subscription,18,0,306.00
Week ending 2025-12-14,SY251213P,"Sat, 12/13/2025 7:00 PM",Exchange,1,0,7.00
Week ending 2025-12-14,SY251213P,"Sat, 12/13/2025 7:00 PM",Internet,288,0,"5,112.00"
Week ending 2025-12-14,SY251213P,"Sat, 12/13/2025 7:00 PM",Single,42,0,834.00
Week ending 2025-12-14,SY251213P,"Sat, 12/13/2025 7:00 PM",Subscription,27,0,450.00
Week ending 2025-12-14,251211M,"Thu, 12/11/2025 3:00 PM",Exchange,0,0,0.00
Week ending 2025-12-14,251214AM,"Sun, 12/14/2025 3:00 PM",Exchange,0,0,0.00
Week ending 2025-12-14,251214BE,"Sun, 12/14/2025 6:00 PM",Exchange,0,0,0.00
Week ending 2025-12-21,251218E,"Thu, 12/18/2025 7:00 PM",Exchange,7,0,457.00
Week ending 2025-12-21,251218E,"Thu, 12/18/2025 7:00 PM",Internet,183,0,"11,660.00"
Week ending 2025-12-21,251218E,"Thu, 12/18/2025 7:00 PM",Single,76,0,"4,267.45"
Week ending 2025-12-21,251218E,"Thu, 12/18/2025 7:00 PM",Subscription,21,0,"1,592.00"
Week ending 2025-12-21,251219E,"Fri, 12/19/2025 7:00 PM",Exchange,7,0,306.00
Week ending 2025-12-21,251219E,"Fri, 12/19/2025 7:00 PM",Internet,241,0,"15,140.00"
Week ending 2025-12-21,251219E,"Fri, 12/19/2025 7:00 PM",Single,28,0,"1,972.50"
Week ending 2025-12-21,251219E,"Fri, 12/19/2025 7:00 PM",Subscription,25,0,"1,519.00"
Week ending 2025-12-21,251220BE,"Sat, 12/20/2025 7:00 PM",Internet,239,0,"16,187.00"
Week ending 2025-12-21,251220BE,"Sat, 12/20/2025 7:00 PM",Single,60,0,"3,066.50"
Week ending 2025-12-21,251220BE,"Sat, 12/20/2025 7:00 PM",Subscription,51,0,"3,653.50"
Week ending 2025-12-21,251221BE,"Sun, 12/21/2025 7:00 PM",Internet,135,0,"8,745.00"
Week ending 2025-12-21,251221BE,"Sun, 12/21/2025 7:00 PM",Single,49,0,"2,981.50"
Week ending 2025-12-21,251221BE,"Sun, 12/21/2025 7:00 PM",Subscription,16,0,"1,202.00"
Week ending 2025-12-21,251220AM,"Sat, 12/20/2025 1:00 PM",Exchange,3,0,216.00
Week ending 2025-12-21,251220AM,"Sat, 12/20/2025 1:00 PM",Internet,301,0,"19,402.00"
Week ending 2025-12-21,251220AM,"Sat, 12/20/2025 1:00 PM",Single,124,0,"7,172.50"
Week ending 2025-12-21,251220AM,"Sat, 12/20/2025 1:00 PM",Subscription,35,0,"2,374.50"
Week ending 2025-12-21,251221AM,"Sun, 12/21/2025 2:00 PM",Exchange,9,0,370.00
Week ending 2025-12-21,251221AM,"Sun, 12/21/2025 2:00 PM",Internet,362,0,"15,470.50"
Week ending 2025-12-21,251221AM,"Sun, 12/21/2025 2:00 PM",Single,141,0,"9,055.50"
Week ending 2025-12-21,251221AM,"Sun, 12/21/2025 2:00 PM",Subscription,198,0,"6,769.00"
Week ending 2025-12-21,SY251218P,"Thu, 12/18/2025 7:00 PM",Exchange,1,0,16.00
Week ending 2025-12-21,SY251218P,"Thu, 12/18/2025 7:00 PM",Internet,51,0,906.00
Week ending 2025-12-21,SY251218P,"Thu, 12/18/2025 7:00 PM",Single,8,0,137.00
Week ending 2025-12-21,SY251218P,"Thu, 12/18/2025 7:00 PM",Subscription,5,0,89.00
Week ending 2025-12-21,SY251219P,"Fri, 12/19/2025 7:00 PM",Exchange,2,0,32.00
Week ending 2025-12-21,SY251219P,"Fri, 12/19/2025 7:00 PM",Internet,54,0,936.00
Week ending 2025-12-21,SY251219P,"Fri, 12/19/2025 7:00 PM",Single,10,0,169.00
Week ending 2025-12-21,SY251219P,"Fri, 12/19/2025 7:00 PM",Subscription,9,0,153.00
Week ending 2025-12-21,SY251220BP,"Sat, 12/20/2025 7:00 PM",Internet,57,0,975.00
Week ending 2025-12-21,SY251220BP,"Sat, 12/20/2025 7:00 PM",Single,13,0,226.00
Week ending 2025-12-21,SY251220BP,"Sat, 12/20/2025 7:00 PM",Subscription,15,0,258.00
Week ending 2025-12-21,SY251221BP,"Sun, 12/21/2025 7:00 PM",Internet,34,0,652.00
Week ending 2025-12-21,SY251221BP,"Sun, 12/21/2025 7:00 PM",Single,10,0,169.00
Week ending 2025-12-21,SY251221BP,"Sun, 12/21/2025 7:00 PM",Subscription,1,0,16.00
Week ending 2025-12-21,SY251220AP,"Sat, 12/20/2025 1:00 PM",Exchange,1,0,16.00
Week ending 2025-12-21,SY251220AP,"Sat, 12/20/2025 1:00 PM",Internet,70,0,"1,255.00"
Week ending 2025-12-21,SY251220AP,"Sat, 12/20/2025 1:00 PM",Single,24,0,429.00
Week ending 2025-12-21,SY251220AP,"Sat, 12/20/2025 1:00 PM",Subscription,11,0,185.00
Week ending 2025-12-21,SY251221AP,"Sun, 12/21/2025 2:00 PM",Exchange,2,0,32.00
Week ending 2025-12-21,SY251221AP,"Sun, 12/21/2025 2:00 PM",Internet,75,0,"1,362.00"
Week ending 2025-12-21,SY251221AP,"Sun, 12/21/2025 2:00 PM",Single,40,0,685.00
Week ending 2025-12-21,SY251221AP,"Sun, 12/21/2025 2:00 PM",Subscription,41,0,701.00
Week ending 2025-12-21,251215M,"Mon, 12/15/2025 12:00 PM",Exchange,0,0,0.00
Week ending 2025-12-21,SY251215P,"Mon, 12/15/2025 12:00 PM",Internet,19,0,304.00
Week ending 2025-12-21,SY251215P,"Mon, 12/15/2025 12:00 PM",Single,2,0,32.00
Week ending 2025-12-28,251223E,"Tue, 12/23/2025 7:00 PM",Exchange,4,0,230.00
Week ending 2025-12-28,251223E,"Tue, 12/23/2025 7:00 PM",Internet,790,0,"68,108.30"
Week ending 2025-12-28,251223E,"Tue, 12/23/2025 7:00 PM",Single,224,0,"16,983.40"
Week ending 2025-12-28,251223E,"Tue, 12/23/2025 7:00 PM",Subscription,63,0,"5,263.40"
Week ending 2025-12-28,251224M,"Wed, 12/24/2025 11:00 AM",Exchange,8,0,710.40
Week ending 2025-12-28,251224M,"Wed, 12/24/2025 11:00 AM",Internet,255,0,"19,371.60"
Week ending 2025-12-28,251224M,"Wed, 12/24/2025 11:00 AM",Single,31,0,"2,573.60"
Week ending 2025-12-28,251224M,"Wed, 12/24/2025 11:00 AM",Subscription,16,0,"1,298.20"
Week ending 2025-12-28,SY251223P,"Tue, 12/23/2025 7:00 PM",Exchange,1,0,16.00
Week ending 2025-12-28,SY251223P,"Tue, 12/23/2025 7:00 PM",Internet,180,0,"3,159.00"
Week ending 2025-12-28,SY251223P,"Tue, 12/23/2025 7:00 PM",Single,41,0,692.00
Week ending 2025-12-28,SY251223P,"Tue, 12/23/2025 7:00 PM",Subscription,24,0,411.00
Week ending 2025-12-28,SY251224P,"Wed, 12/24/2025 11:00 AM",Exchange,2,0,32.00
Week ending 2025-12-28,SY251224P,"Wed, 12/24/2025 11:00 AM",Internet,69,0,"1,203.00"
Week ending 2025-12-28,SY251224P,"Wed, 12/24/2025 11:00 AM",Single,11,0,203.00
Week ending 2025-12-28,SY251224P,"Wed, 12/24/2025 11:00 AM",Subscription,6,0,105.00
Week ending 2026-01-11,260109E,"Fri, 1/9/2026 8:00 PM",Exchange,1,0,-216.00
Week ending 2026-01-11,260109E,"Fri, 1/9/2026 8:00 PM",Internet,138,0,"9,049.10"
Week ending 2026-01-11,260109E,"Fri, 1/9/2026 8:00 PM",Single,7,0,412.00
Week ending 2026-01-11,260109E,"Fri, 1/9/2026 8:00 PM",Subscription,444,0,"31,325.60"
Week ending 2026-01-11,260110E,"Sat, 1/10/2026 8:00 PM",Exchange,4,0,876.40
Week ending 2026-01-11,260110E,"Sat, 1/10/2026 8:00 PM",Internet,151,0,"9,938.10"
Week ending 2026-01-11,260110E,"Sat, 1/10/2026 8:00 PM",Single,12,0,818.00
Week ending 2026-01-11,260110E,"Sat, 1/10/2026 8:00 PM",Subscription,458,0,"29,864.00"
Week ending 2026-01-11,260111M,"Sun, 1/11/2026 2:00 PM",Exchange,(2),0,-79.00
Week ending 2026-01-11,260111M,"Sun, 1/11/2026 2:00 PM",Internet,180,0,"11,577.80"
Week ending 2026-01-11,260111M,"Sun, 1/11/2026 2:00 PM",Single,8,0,432.00
Week ending 2026-01-11,260111M,"Sun, 1/11/2026 2:00 PM",Subscription,430,0,"28,456.00"
Week ending 2026-01-11,SY260109P,"Fri, 1/9/2026 8:00 PM",Exchange,0,0,-18.00
Week ending 2026-01-11,SY260109P,"Fri, 1/9/2026 8:00 PM",Internet,48,0,840.00
Week ending 2026-01-11,SY260109P,"Fri, 1/9/2026 8:00 PM",Single,3,0,57.00
Week ending 2026-01-11,SY260109P,"Fri, 1/9/2026 8:00 PM",Subscription,182,0,"3,173.00"
Week ending 2026-01-11,SY260110P,"Sat, 1/10/2026 8:00 PM",Exchange,3,0,48.00
Week ending 2026-01-11,SY260110P,"Sat, 1/10/2026 8:00 PM",Internet,49,0,847.00
Week ending 2026-01-11,SY260110P,"Sat, 1/10/2026 8:00 PM",Single,2,0,32.00
Week ending 2026-01-11,SY260110P,"Sat, 1/10/2026 8:00 PM",Subscription,186,0,"3,201.00"
Week ending 2026-01-11,SY260111P,"Sun, 1/11/2026 2:00 PM",Exchange,0,0,9.00
Week ending 2026-01-11,SY260111P,"Sun, 1/11/2026 2:00 PM",Internet,60,0,"1,032.00"
Week ending 2026-01-11,SY260111P,"Sun, 1/11/2026 2:00 PM",Single,3,0,48.00
Week ending 2026-01-11,SY260111P,"Sun, 1/11/2026 2:00 PM",Subscription,161,0,"2,738.00"
Week ending 2026-01-18,260116E,"Fri, 1/16/2026 8:00 PM",Exchange,(5),0,-259.80
Week ending 2026-01-18,260116E,"Fri, 1/16/2026 8:00 PM",Internet,101,0,"7,113.00"
Week ending 2026-01-18,260116E,"Fri, 1/16/2026 8:00 PM",Single,5,0,508.00
Week ending 2026-01-18,260116E,"Fri, 1/16/2026 8:00 PM",Subscription,301,0,"21,912.20"
Week ending 2026-01-18,260117E,"Sat, 1/17/2026 8:00 PM",Exchange,17,0,938.20
Week ending 2026-01-18,260117E,"Sat, 1/17/2026 8:00 PM",Internet,192,0,"12,689.80"
Week ending 2026-01-18,260117E,"Sat, 1/17/2026 8:00 PM",Single,15,0,"1,078.00"
Week ending 2026-01-18,260117E,"Sat, 1/17/2026 8:00 PM",Subscription,495,0,"33,804.90"
Week ending 2026-01-18,260118M,"Sun, 1/18/2026 2:00 PM",Exchange,(8),0,-693.00
Week ending 2026-01-18,260118M,"Sun, 1/18/2026 2:00 PM",Internet,212,0,"14,016.20"
Week ending 2026-01-18,260118M,"Sun, 1/18/2026 2:00 PM",Single,25,0,"2,295.00"
Week ending 2026-01-18,260118M,"Sun, 1/18/2026 2:00 PM",Subscription,463,0,"30,254.20"
Week ending 2026-01-18,SY260116P,"Fri, 1/16/2026 8:00 PM",Exchange,(4),0,-73.00
Week ending 2026-01-18,SY260116P,"Fri, 1/16/2026 8:00 PM",Internet,34,0,589.00
Week ending 2026-01-18,SY260116P,"Fri, 1/16/2026 8:00 PM",Single,3,0,57.00
Week ending 2026-01-18,SY260116P,"Fri, 1/16/2026 8:00 PM",Subscription,123,0,"2,148.00"
Week ending 2026-01-18,SY260117P,"Sat, 1/17/2026 8:00 PM",Exchange,6,0,78.00
Week ending 2026-01-18,SY260117P,"Sat, 1/17/2026 8:00 PM",Internet,62,0,"1,091.00"
Week ending 2026-01-18,SY260117P,"Sat, 1/17/2026 8:00 PM",Single,5,0,89.00
Week ending 2026-01-18,SY260117P,"Sat, 1/17/2026 8:00 PM",Subscription,199,0,"3,490.00"
Week ending 2026-01-18,SY260118P,"Sun, 1/18/2026 2:00 PM",Exchange,(3),0,-30.00
Week ending 2026-01-18,SY260118P,"Sun, 1/18/2026 2:00 PM",Internet,80,0,"1,334.00"
Week ending 2026-01-18,SY260118P,"Sun, 1/18/2026 2:00 PM",Single,7,0,130.00
Week ending 2026-01-18,SY260118P,"Sun, 1/18/2026 2:00 PM",Subscription,182,0,"3,065.00"
Week ending 2026-01-25,260122E,"Thu, 1/22/2026 7:00 PM",Exchange,3,0,151.00
Week ending 2026-01-25,260122E,"Thu, 1/22/2026 7:00 PM",Internet,119,0,"8,262.00"
Week ending 2026-01-25,260122E,"Thu, 1/22/2026 7:00 PM",Single,9,0,780.00
Week ending 2026-01-25,260122E,"Thu, 1/22/2026 7:00 PM",Subscription,4,0,382.00
Week ending 2026-01-25,260123E,"Fri, 1/23/2026 7:00 PM",Exchange,(7),0,-410.00
Week ending 2026-01-25,260123E,"Fri, 1/23/2026 7:00 PM",Internet,217,0,"16,482.40"
Week ending 2026-01-25,260123E,"Fri, 1/23/2026 7:00 PM",Single,45,0,"3,685.00"
Week ending 2026-01-25,260123E,"Fri, 1/23/2026 7:00 PM",Subscription,66,0,"5,421.50"
Week ending 2026-01-25,260124E,"Sat, 1/24/2026 7:00 PM",Exchange,11,0,854.50
Week ending 2026-01-25,260124E,"Sat, 1/24/2026 7:00 PM",Internet,383,0,"28,778.50"
Week ending 2026-01-25,260124E,"Sat, 1/24/2026 7:00 PM",Single,46,0,"3,720.00"
Week ending 2026-01-25,260124E,"Sat, 1/24/2026 7:00 PM",Subscription,97,0,"7,701.10"
Week ending 2026-01-25,260125M,"Sun, 1/25/2026 2:00 PM",Exchange,8,0,800.00
Week ending 2026-01-25,260125M,"Sun, 1/25/2026 2:00 PM",Internet,307,0,"22,279.40"
Week ending 2026-01-25,260125M,"Sun, 1/25/2026 2:00 PM",Single,34,0,"2,122.00"
Week ending 2026-01-25,260125M,"Sun, 1/25/2026 2:00 PM",Subscription,54,0,"4,179.70"
Week ending 2026-01-25,SY260122P,"Thu, 1/22/2026 7:00 PM",Exchange,1,0,16.00
Week ending 2026-01-25,SY260122P,"Thu, 1/22/2026 7:00 PM",Internet,33,0,555.00
Week ending 2026-01-25,SY260122P,"Thu, 1/22/2026 7:00 PM",Single,1,0,16.00
Week ending 2026-01-25,SY260123P,"Fri, 1/23/2026 7:00 PM",Exchange,0,0,7.00
Week ending 2026-01-25,SY260123P,"Fri, 1/23/2026 7:00 PM",Internet,53,0,929.00
Week ending 2026-01-25,SY260123P,"Fri, 1/23/2026 7:00 PM",Single,15,0,258.00
Week ending 2026-01-25,SY260123P,"Fri, 1/23/2026 7:00 PM",Subscription,25,0,418.00
Week ending 2026-01-25,SY260124P,"Sat, 1/24/2026 7:00 PM",Exchange,3,0,48.00
Week ending 2026-01-25,SY260124P,"Sat, 1/24/2026 7:00 PM",Internet,95,0,"1,637.00"
Week ending 2026-01-25,SY260124P,"Sat, 1/24/2026 7:00 PM",Single,13,0,226.00
Week ending 2026-01-25,SY260124P,"Sat, 1/24/2026 7:00 PM",Subscription,36,0,603.00
Week ending 2026-01-25,SY260125P,"Sun, 1/25/2026 2:00 PM",Exchange,2,0,41.00
Week ending 2026-01-25,SY260125P,"Sun, 1/25/2026 2:00 PM",Internet,82,0,"1,366.00"
Week ending 2026-01-25,SY260125P,"Sun, 1/25/2026 2:00 PM",Single,9,0,144.00
Week ending 2026-01-25,SY260125P,"Sun, 1/25/2026 2:00 PM",Subscription,15,0,285.00
Week ending 2026-02-01,260130E,"Fri, 1/30/2026 8:00 PM",Exchange,(5),0,-742.00
Week ending 2026-02-01,260130E,"Fri, 1/30/2026 8:00 PM",Internet,112,0,"7,822.20"
Week ending 2026-02-01,260130E,"Fri, 1/30/2026 8:00 PM",Single,10,0,635.00
Week ending 2026-02-01,260130E,"Fri, 1/30/2026 8:00 PM",Subscription,296,0,"21,546.20"
Week ending 2026-02-01,260131E,"Sat, 1/31/2026 8:00 PM",Exchange,(3),0,-668.60
Week ending 2026-02-01,260131E,"Sat, 1/31/2026 8:00 PM",Internet,179,0,"12,595.00"
Week ending 2026-02-01,260131E,"Sat, 1/31/2026 8:00 PM",Single,15,0,"1,120.00"
Week ending 2026-02-01,260131E,"Sat, 1/31/2026 8:00 PM",Subscription,493,0,"33,197.10"
Week ending 2026-02-01,260201M,"Sun, 2/1/2026 2:00 PM",Exchange,(3),0,61.00
Week ending 2026-02-01,260201M,"Sun, 2/1/2026 2:00 PM",Internet,201,0,"13,523.50"
Week ending 2026-02-01,260201M,"Sun, 2/1/2026 2:00 PM",Single,13,0,"1,289.00"
Week ending 2026-02-01,260201M,"Sun, 2/1/2026 2:00 PM",Subscription,453,0,"29,259.00"
Week ending 2026-02-01,SY260130P,"Fri, 1/30/2026 8:00 PM",Exchange,(4),0,-73.00
Week ending 2026-02-01,SY260130P,"Fri, 1/30/2026 8:00 PM",Internet,36,0,621.00
Week ending 2026-02-01,SY260130P,"Fri, 1/30/2026 8:00 PM",Single,3,0,48.00
Week ending 2026-02-01,SY260130P,"Fri, 1/30/2026 8:00 PM",Subscription,127,0,"2,221.00"
Week ending 2026-02-01,SY260131P,"Sat, 1/31/2026 8:00 PM",Exchange,(1),0,-25.00
Week ending 2026-02-01,SY260131P,"Sat, 1/31/2026 8:00 PM",Internet,58,0,"1,018.00"
Week ending 2026-02-01,SY260131P,"Sat, 1/31/2026 8:00 PM",Single,3,0,57.00
Week ending 2026-02-01,SY260131P,"Sat, 1/31/2026 8:00 PM",Subscription,194,0,"3,392.00"
Week ending 2026-02-01,SY260201P,"Sun, 2/1/2026 2:00 PM",Exchange,0,0,18.00
Week ending 2026-02-01,SY260201P,"Sun, 2/1/2026 2:00 PM",Internet,75,0,"1,254.00"
Week ending 2026-02-01,SY260201P,"Sun, 2/1/2026 2:00 PM",Single,5,0,89.00
Week ending 2026-02-01,SY260201P,"Sun, 2/1/2026 2:00 PM",Subscription,179,0,"3,017.00"
Week ending 2026-02-08,260206E,"Fri, 2/6/2026 8:00 PM",Exchange,(5),0,-87.00
Week ending 2026-02-08,260206E,"Fri, 2/6/2026 8:00 PM",Internet,128,0,"8,330.80"
Week ending 2026-02-08,260206E,"Fri, 2/6/2026 8:00 PM",Single,30,0,"1,129.00"
Week ending 2026-02-08,260206E,"Fri, 2/6/2026 8:00 PM",Subscription,453,0,"31,599.20"
Week ending 2026-02-08,260207E,"Sat, 2/7/2026 8:00 PM",Exchange,(11),0,-467.60
Week ending 2026-02-08,260207E,"Sat, 2/7/2026 8:00 PM",Internet,135,0,"9,216.20"
Week ending 2026-02-08,260207E,"Sat, 2/7/2026 8:00 PM",Single,8,0,496.00
Week ending 2026-02-08,260207E,"Sat, 2/7/2026 8:00 PM",Subscription,458,0,"29,907.90"
Week ending 2026-02-08,260208M,"Sun, 2/8/2026 2:00 PM",Exchange,2,0,115.60
Week ending 2026-02-08,260208M,"Sun, 2/8/2026 2:00 PM",Internet,167,0,"10,627.70"
Week ending 2026-02-08,260208M,"Sun, 2/8/2026 2:00 PM",Single,3,0,326.00
Week ending 2026-02-08,260208M,"Sun, 2/8/2026 2:00 PM",Subscription,418,0,"27,254.80"
Week ending 2026-02-08,SY260206P,"Fri, 2/6/2026 8:00 PM",Exchange,(1),0,-34.00
Week ending 2026-02-08,SY260206P,"Fri, 2/6/2026 8:00 PM",Internet,48,0,840.00
Week ending 2026-02-08,SY260206P,"Fri, 2/6/2026 8:00 PM",Single,6,0,114.00
Week ending 2026-02-08,SY260206P,"Fri, 2/6/2026 8:00 PM",Subscription,187,0,"3,262.00"
Week ending 2026-02-08,SY260207P,"Sat, 2/7/2026 8:00 PM",Exchange,(4),0,-73.00
Week ending 2026-02-08,SY260207P,"Sat, 2/7/2026 8:00 PM",Internet,46,0,799.00
Week ending 2026-02-08,SY260207P,"Sat, 2/7/2026 8:00 PM",Single,4,0,64.00
Week ending 2026-02-08,SY260207P,"Sat, 2/7/2026 8:00 PM",Subscription,190,0,"3,274.00"
Week ending 2026-02-08,SY260208P,"Sun, 2/8/2026 2:00 PM",Exchange,3,0,57.00
Week ending 2026-02-08,SY260208P,"Sun, 2/8/2026 2:00 PM",Internet,58,0,991.00
Week ending 2026-02-08,SY260208P,"Sun, 2/8/2026 2:00 PM",Single,2,0,32.00
Week ending 2026-02-08,SY260208P,"Sun, 2/8/2026 2:00 PM",Subscription,155,0,"2,615.00"
Week ending 2026-02-08,260205E,"Thu, 2/5/2026 8:00 PM",Internet,1,0,140.00
Week ending 2026-02-08,260205E,"Thu, 2/5/2026 8:00 PM",Single,6,0,840.00
Week ending 2026-02-08,260205E,"Thu, 2/5/2026 8:00 PM",Subscription,8,0,"1,120.00"
Week ending 2026-02-15,260213E,"Fri, 2/13/2026 8:00 PM",Exchange,(9),0,-684.00
Week ending 2026-02-15,260213E,"Fri, 2/13/2026 8:00 PM",Internet,234,0,"16,950.80"
Week ending 2026-02-15,260213E,"Fri, 2/13/2026 8:00 PM",Single,21,0,"1,694.00"
Week ending 2026-02-15,260213E,"Fri, 2/13/2026 8:00 PM",Subscription,528,0,"38,607.00"
Week ending 2026-02-15,260214E,"Sat, 2/14/2026 8:00 PM",Exchange,(4),0,-94.00
Week ending 2026-02-15,260214E,"Sat, 2/14/2026 8:00 PM",Internet,237,0,"17,112.40"
Week ending 2026-02-15,260214E,"Sat, 2/14/2026 8:00 PM",Single,6,0,456.00
Week ending 2026-02-15,260214E,"Sat, 2/14/2026 8:00 PM",Subscription,467,0,"34,133.40"
Week ending 2026-02-15,260215M,"Sun, 2/15/2026 2:00 PM",Exchange,(3),0,-80.00
Week ending 2026-02-15,260215M,"Sun, 2/15/2026 2:00 PM",Internet,130,0,"9,323.60"
Week ending 2026-02-15,260215M,"Sun, 2/15/2026 2:00 PM",Single,9,0,844.80
Week ending 2026-02-15,260215M,"Sun, 2/15/2026 2:00 PM",Subscription,295,0,"20,900.50"
Week ending 2026-02-15,260212E,"Thu, 2/12/2026 7:00 PM",Exchange,6,0,672.40
Week ending 2026-02-15,260212E,"Thu, 2/12/2026 7:00 PM",Internet,244,0,"23,257.80"
Week ending 2026-02-15,260212E,"Thu, 2/12/2026 7:00 PM",Single,38,0,"3,747.00"
Week ending 2026-02-15,260212E,"Thu, 2/12/2026 7:00 PM",Subscription,60,0,"5,404.90"
Week ending 2026-02-15,SY260213P,"Fri, 2/13/2026 8:00 PM",Exchange,(4),0,-55.00
Week ending 2026-02-15,SY260213P,"Fri, 2/13/2026 8:00 PM",Internet,78,0,"1,320.00"
Week ending 2026-02-15,SY260213P,"Fri, 2/13/2026 8:00 PM",Single,8,0,137.00
Week ending 2026-02-15,SY260213P,"Fri, 2/13/2026 8:00 PM",Subscription,204,0,"3,561.00"
Week ending 2026-02-15,SY260214P,"Sat, 2/14/2026 8:00 PM",Exchange,(5),0,-80.00
Week ending 2026-02-15,SY260214P,"Sat, 2/14/2026 8:00 PM",Internet,76,0,"1,279.00"
Week ending 2026-02-15,SY260214P,"Sat, 2/14/2026 8:00 PM",Single,4,0,73.00
Week ending 2026-02-15,SY260214P,"Sat, 2/14/2026 8:00 PM",Subscription,190,0,"3,202.00"
Week ending 2026-02-15,SY260215P,"Sun, 2/15/2026 2:00 PM",Exchange,(2),0,-50.00
Week ending 2026-02-15,SY260215P,"Sun, 2/15/2026 2:00 PM",Internet,48,0,849.00
Week ending 2026-02-15,SY260215P,"Sun, 2/15/2026 2:00 PM",Single,5,0,89.00
Week ending 2026-02-15,SY260215P,"Sun, 2/15/2026 2:00 PM",Subscription,112,0,"1,972.00"
Week ending 2026-02-15,SY260212P,"Thu, 2/12/2026 7:00 PM",Exchange,1,0,16.00
Week ending 2026-02-15,SY260212P,"Thu, 2/12/2026 7:00 PM",Internet,58,0,973.00
Week ending 2026-02-15,SY260212P,"Thu, 2/12/2026 7:00 PM",Single,16,0,265.00
Week ending 2026-02-15,SY260212P,"Thu, 2/12/2026 7:00 PM",Subscription,23,0,386.00
Week ending 2026-02-22,260219E,"Thu, 2/19/2026 7:00 PM",Exchange,3,0,135.00
Week ending 2026-02-22,260219E,"Thu, 2/19/2026 7:00 PM",Internet,119,0,"9,125.00"
Week ending 2026-02-22,260219E,"Thu, 2/19/2026 7:00 PM",Single,19,0,"1,736.50"
Week ending 2026-02-22,260219E,"Thu, 2/19/2026 7:00 PM",Subscription,9,0,735.00
Week ending 2026-02-22,260220E,"Fri, 2/20/2026 7:00 PM",Internet,222,0,"16,637.00"
Week ending 2026-02-22,260220E,"Fri, 2/20/2026 7:00 PM",Single,36,0,"2,692.50"
Week ending 2026-02-22,260220E,"Fri, 2/20/2026 7:00 PM",Subscription,26,0,"2,009.50"
Week ending 2026-02-22,260221E,"Sat, 2/21/2026 7:00 PM",Exchange,8,0,720.00
Week ending 2026-02-22,260221E,"Sat, 2/21/2026 7:00 PM",Internet,415,0,"31,904.00"
Week ending 2026-02-22,260221E,"Sat, 2/21/2026 7:00 PM",Single,56,0,"4,219.00"
Week ending 2026-02-22,260221E,"Sat, 2/21/2026 7:00 PM",Subscription,39,0,"3,219.50"
Week ending 2026-02-22,260222M,"Sun, 2/22/2026 2:00 PM",Internet,334,0,"24,823.00"
Week ending 2026-02-22,260222M,"Sun, 2/22/2026 2:00 PM",Single,149,0,"8,832.50"
Week ending 2026-02-22,260222M,"Sun, 2/22/2026 2:00 PM",Subscription,70,0,"5,076.50"
Week ending 2026-02-22,SY260219P,"Thu, 2/19/2026 7:00 PM",Exchange,1,0,16.00
Week ending 2026-02-22,SY260219P,"Thu, 2/19/2026 7:00 PM",Internet,30,0,525.00
Week ending 2026-02-22,SY260219P,"Thu, 2/19/2026 7:00 PM",Single,3,0,48.00
Week ending 2026-02-22,SY260219P,"Thu, 2/19/2026 7:00 PM",Subscription,4,0,64.00
Week ending 2026-02-22,SY260220P,"Fri, 2/20/2026 7:00 PM",Internet,57,0,939.00
Week ending 2026-02-22,SY260220P,"Fri, 2/20/2026 7:00 PM",Single,10,0,169.00
Week ending 2026-02-22,SY260220P,"Fri, 2/20/2026 7:00 PM",Subscription,11,0,194.00
Week ending 2026-02-22,SY260221P,"Sat, 2/21/2026 7:00 PM",Exchange,1,0,16.00
Week ending 2026-02-22,SY260221P,"Sat, 2/21/2026 7:00 PM",Internet,103,0,"1,747.00"
Week ending 2026-02-22,SY260221P,"Sat, 2/21/2026 7:00 PM",Single,12,0,192.00
Week ending 2026-02-22,SY260221P,"Sat, 2/21/2026 7:00 PM",Subscription,13,0,217.00
Week ending 2026-02-22,SY260222P,"Sun, 2/22/2026 2:00 PM",Internet,64,0,"1,096.00"
Week ending 2026-02-22,SY260222P,"Sun, 2/22/2026 2:00 PM",Single,17,0,281.00
Week ending 2026-02-22,SY260222P,"Sun, 2/22/2026 2:00 PM",Subscription,17,0,308.00
Week ending 2026-03-01,260301M,"Sun, 3/1/2026 2:00 PM",Exchange,7,0,282.00
Week ending 2026-03-01,260301M,"Sun, 3/1/2026 2:00 PM",Internet,187,0,"4,350.50"
Week ending 2026-03-01,260301M,"Sun, 3/1/2026 2:00 PM",Subscription,172,0,"4,880.00"
Week ending 2026-03-01,SY260301P,"Sun, 3/1/2026 2:00 PM",Exchange,2,0,41.00
Week ending 2026-03-01,SY260301P,"Sun, 3/1/2026 2:00 PM",Internet,30,0,507.00
Week ending 2026-03-01,SY260301P,"Sun, 3/1/2026 2:00 PM",Single,1,0,16.00
Week ending 2026-03-01,SY260301P,"Sun, 3/1/2026 2:00 PM",Subscription,36,0,612.00
Week ending 2026-03-08,260304E,"Wed, 3/4/2026 6:00 PM",Exchange,0,0,0.00
Week ending 2026-03-15,260313E,"Fri, 3/13/2026 8:00 PM",Exchange,(3),0,-260.00
Week ending 2026-03-15,260313E,"Fri, 3/13/2026 8:00 PM",Internet,141,0,"9,139.90"
Week ending 2026-03-15,260313E,"Fri, 3/13/2026 8:00 PM",Single,21,0,377.00
Week ending 2026-03-15,260313E,"Fri, 3/13/2026 8:00 PM",Subscription,465,0,"32,758.60"
Week ending 2026-03-15,260314E,"Sat, 3/14/2026 8:00 PM",Exchange,9,0,748.20
Week ending 2026-03-15,260314E,"Sat, 3/14/2026 8:00 PM",Internet,146,0,"9,934.10"
Week ending 2026-03-15,260314E,"Sat, 3/14/2026 8:00 PM",Single,2,0,120.00
Week ending 2026-03-15,260314E,"Sat, 3/14/2026 8:00 PM",Subscription,461,0,"30,213.60"
Week ending 2026-03-15,260315M,"Sun, 3/15/2026 2:00 PM",Exchange,18,0,"1,268.00"
Week ending 2026-03-15,260315M,"Sun, 3/15/2026 2:00 PM",Internet,178,0,"11,695.20"
Week ending 2026-03-15,260315M,"Sun, 3/15/2026 2:00 PM",Single,5,0,236.00
Week ending 2026-03-15,260315M,"Sun, 3/15/2026 2:00 PM",Subscription,432,0,"28,509.20"
Week ending 2026-03-15,SY260313P,"Fri, 3/13/2026 8:00 PM",Exchange,(2),0,-50.00
Week ending 2026-03-15,SY260313P,"Fri, 3/13/2026 8:00 PM",Internet,48,0,858.00
Week ending 2026-03-15,SY260313P,"Fri, 3/13/2026 8:00 PM",Single,1,0,16.00
Week ending 2026-03-15,SY260313P,"Fri, 3/13/2026 8:00 PM",Subscription,189,0,"3,285.00"
Week ending 2026-03-15,SY260314P,"Sat, 3/14/2026 8:00 PM",Exchange,3,0,57.00
Week ending 2026-03-15,SY260314P,"Sat, 3/14/2026 8:00 PM",Internet,48,0,831.00
Week ending 2026-03-15,SY260314P,"Sat, 3/14/2026 8:00 PM",Single,1,0,16.00
Week ending 2026-03-15,SY260314P,"Sat, 3/14/2026 8:00 PM",Subscription,191,0,"3,290.00"
Week ending 2026-03-15,SY260315P,"Sun, 3/15/2026 2:00 PM",Exchange,8,0,137.00
Week ending 2026-03-15,SY260315P,"Sun, 3/15/2026 2:00 PM",Internet,59,0,"1,007.00"
Week ending 2026-03-15,SY260315P,"Sun, 3/15/2026 2:00 PM",Single,1,0,16.00
Week ending 2026-03-15,SY260315P,"Sun, 3/15/2026 2:00 PM",Subscription,164,0,"2,777.00"
Week ending 2026-03-15,260314A,"Sat, 3/14/2026 9:30 AM",Exchange,0,0,0.00
Week ending 2026-03-15,260314B,"Sat, 3/14/2026 10:30 AM",Exchange,0,0,0.00
Week ending 2026-03-15,260314C,"Sat, 3/14/2026 11:30 AM",Exchange,0,0,0.00
Week ending 2026-03-29,260327E,"Fri, 3/27/2026 8:00 PM",Exchange,(2),0,-186.00
Week ending 2026-03-29,260327E,"Fri, 3/27/2026 8:00 PM",Internet,331,0,"24,021.40"
Week ending 2026-03-29,260327E,"Fri, 3/27/2026 8:00 PM",Single,32,0,"2,435.00"
Week ending 2026-03-29,260327E,"Fri, 3/27/2026 8:00 PM",Subscription,552,0,"40,518.40"
Week ending 2026-03-29,260328E,"Sat, 3/28/2026 8:00 PM",Exchange,8,0,696.00
Week ending 2026-03-29,260328E,"Sat, 3/28/2026 8:00 PM",Internet,346,0,"25,824.60"
Week ending 2026-03-29,260328E,"Sat, 3/28/2026 8:00 PM",Single,33,0,"2,215.00"
Week ending 2026-03-29,260328E,"Sat, 3/28/2026 8:00 PM",Subscription,475,0,"34,746.00"
Week ending 2026-03-29,260329M,"Sun, 3/29/2026 2:00 PM",Exchange,12,0,"1,108.00"
Week ending 2026-03-29,260329M,"Sun, 3/29/2026 2:00 PM",Internet,269,0,"19,685.00"
Week ending 2026-03-29,260329M,"Sun, 3/29/2026 2:00 PM",Single,54,0,"4,428.00"
Week ending 2026-03-29,260329M,"Sun, 3/29/2026 2:00 PM",Subscription,299,0,"21,043.40"
Week ending 2026-03-29,SY260327P,"Fri, 3/27/2026 8:00 PM",Exchange,(1),0,-7.00
Week ending 2026-03-29,SY260327P,"Fri, 3/27/2026 8:00 PM",Internet,110,0,"1,841.00"
Week ending 2026-03-29,SY260327P,"Fri, 3/27/2026 8:00 PM",Single,7,0,121.00
Week ending 2026-03-29,SY260327P,"Fri, 3/27/2026 8:00 PM",Subscription,210,0,"3,666.00"
Week ending 2026-03-29,SY260328P,"Sat, 3/28/2026 8:00 PM",Exchange,1,0,25.00
Week ending 2026-03-29,SY260328P,"Sat, 3/28/2026 8:00 PM",Internet,102,0,"1,722.00"
Week ending 2026-03-29,SY260328P,"Sat, 3/28/2026 8:00 PM",Single,12,0,219.00
Week ending 2026-03-29,SY260328P,"Sat, 3/28/2026 8:00 PM",Subscription,194,0,"3,266.00"
Week ending 2026-03-29,SY260329P,"Sun, 3/29/2026 2:00 PM",Exchange,6,0,87.00
Week ending 2026-03-29,SY260329P,"Sun, 3/29/2026 2:00 PM",Internet,88,0,"1,534.00"
Week ending 2026-03-29,SY260329P,"Sun, 3/29/2026 2:00 PM",Single,20,0,338.00
Week ending 2026-03-29,SY260329P,"Sun, 3/29/2026 2:00 PM",Subscription,114,0,"2,013.00"
Week ending 2026-03-29,260325E,"Wed, 3/25/2026 7:00 PM",Internet,68,0,"5,698.00"
Week ending 2026-03-29,260325E,"Wed, 3/25/2026 7:00 PM",Single,8,0,719.00
Week ending 2026-03-29,260326E,"Thu, 3/26/2026 7:00 PM",Exchange,2,0,130.00
Week ending 2026-03-29,260326E,"Thu, 3/26/2026 7:00 PM",Internet,74,0,"6,091.00"
Week ending 2026-03-29,260326E,"Thu, 3/26/2026 7:00 PM",Single,4,0,330.00
Week ending 2026-03-29,260326E,"Thu, 3/26/2026 7:00 PM",Subscription,5,0,271.50
Week ending 2026-03-29,SY260325P,"Wed, 3/25/2026 7:00 PM",Internet,21,0,354.00
Week ending 2026-03-29,SY260325P,"Wed, 3/25/2026 7:00 PM",Single,2,0,32.00
Week ending 2026-03-29,SY260326P,"Thu, 3/26/2026 7:00 PM",Exchange,1,0,16.00
Week ending 2026-03-29,SY260326P,"Thu, 3/26/2026 7:00 PM",Internet,20,0,347.00
Week ending 2026-03-29,SY260326P,"Thu, 3/26/2026 7:00 PM",Single,2,0,32.00
Week ending 2026-03-29,SY260326P,"Thu, 3/26/2026 7:00 PM",Subscription,1,0,16.00
Week ending 2026-04-12,260410E,"Fri, 4/10/2026 8:00 PM",Exchange,1,0,191.00
Week ending 2026-04-12,260410E,"Fri, 4/10/2026 8:00 PM",Internet,94,0,"6,667.00"
Week ending 2026-04-12,260410E,"Fri, 4/10/2026 8:00 PM",Single,5,0,494.00
Week ending 2026-04-12,260410E,"Fri, 4/10/2026 8:00 PM",Subscription,290,0,"21,283.00"
Week ending 2026-04-12,260411E,"Sat, 4/11/2026 8:00 PM",Exchange,1,0,-110.20
Week ending 2026-04-12,260411E,"Sat, 4/11/2026 8:00 PM",Internet,151,0,"10,191.50"
Week ending 2026-04-12,260411E,"Sat, 4/11/2026 8:00 PM",Single,6,0,360.00
Week ending 2026-04-12,260411E,"Sat, 4/11/2026 8:00 PM",Subscription,491,0,"31,720.50"
Week ending 2026-04-12,260412M,"Sun, 4/12/2026 2:00 PM",Exchange,7,0,531.00
Week ending 2026-04-12,260412M,"Sun, 4/12/2026 2:00 PM",Internet,174,0,"11,124.00"
Week ending 2026-04-12,260412M,"Sun, 4/12/2026 2:00 PM",Single,2,0,192.00
Week ending 2026-04-12,260412M,"Sun, 4/12/2026 2:00 PM",Subscription,443,0,"28,668.60"
Week ending 2026-04-12,SY260410P,"Fri, 4/10/2026 8:00 PM",Exchange,1,0,7.00
Week ending 2026-04-12,SY260410P,"Fri, 4/10/2026 8:00 PM",Internet,33,0,573.00
Week ending 2026-04-12,SY260410P,"Fri, 4/10/2026 8:00 PM",Single,2,0,41.00
Week ending 2026-04-12,SY260410P,"Fri, 4/10/2026 8:00 PM",Subscription,124,0,"2,164.00"
Week ending 2026-04-12,SY260411P,"Sat, 4/11/2026 8:00 PM",Exchange,0,0,9.00
Week ending 2026-04-12,SY260411P,"Sat, 4/11/2026 8:00 PM",Internet,52,0,904.00
Week ending 2026-04-12,SY260411P,"Sat, 4/11/2026 8:00 PM",Single,3,0,48.00
Week ending 2026-04-12,SY260411P,"Sat, 4/11/2026 8:00 PM",Subscription,201,0,"3,468.00"
Week ending 2026-04-12,SY260412P,"Sun, 4/12/2026 2:00 PM",Exchange,4,0,73.00
Week ending 2026-04-12,SY260412P,"Sun, 4/12/2026 2:00 PM",Internet,60,0,"1,023.00"
Week ending 2026-04-12,SY260412P,"Sun, 4/12/2026 2:00 PM",Single,1,0,16.00
Week ending 2026-04-12,SY260412P,"Sun, 4/12/2026 2:00 PM",Subscription,162,0,"2,736.00"
Week ending 2026-04-19,260417E,"Fri, 4/17/2026 8:00 PM",Exchange,(4),0,-432.00
Week ending 2026-04-19,260417E,"Fri, 4/17/2026 8:00 PM",Internet,120,0,"7,652.20"
Week ending 2026-04-19,260417E,"Fri, 4/17/2026 8:00 PM",Single,1,0,52.00
Week ending 2026-04-19,260417E,"Fri, 4/17/2026 8:00 PM",Subscription,461,0,"32,475.70"
Week ending 2026-04-19,260418E,"Sat, 4/18/2026 8:00 PM",Exchange,(11),0,-614.00
Week ending 2026-04-19,260418E,"Sat, 4/18/2026 8:00 PM",Internet,154,0,"10,450.00"
Week ending 2026-04-19,260418E,"Sat, 4/18/2026 8:00 PM",Single,4,0,384.00
Week ending 2026-04-19,260418E,"Sat, 4/18/2026 8:00 PM",Subscription,453,0,"31,427.70"
Week ending 2026-04-19,260419M,"Sun, 4/19/2026 2:00 PM",Exchange,2,0,349.00
Week ending 2026-04-19,260419M,"Sun, 4/19/2026 2:00 PM",Internet,190,0,"12,274.50"
Week ending 2026-04-19,260419M,"Sun, 4/19/2026 2:00 PM",Single,9,0,805.00
Week ending 2026-04-19,260419M,"Sun, 4/19/2026 2:00 PM",Subscription,444,0,"28,864.40"
Week ending 2026-04-19,SY260417P,"Fri, 4/17/2026 8:00 PM",Exchange,(1),0,-43.00
Week ending 2026-04-19,SY260417P,"Fri, 4/17/2026 8:00 PM",Internet,45,0,792.00
Week ending 2026-04-19,SY260417P,"Fri, 4/17/2026 8:00 PM",Single,1,0,16.00
Week ending 2026-04-19,SY260417P,"Fri, 4/17/2026 8:00 PM",Subscription,189,0,"3,285.00"
Week ending 2026-04-19,SY260418P,"Sat, 4/18/2026 8:00 PM",Exchange,(5),0,-89.00
Week ending 2026-04-19,SY260418P,"Sat, 4/18/2026 8:00 PM",Internet,50,0,881.00
Week ending 2026-04-19,SY260418P,"Sat, 4/18/2026 8:00 PM",Single,1,0,16.00
Week ending 2026-04-19,SY260418P,"Sat, 4/18/2026 8:00 PM",Subscription,183,0,"3,207.00"
Week ending 2026-04-19,SY260419P,"Sun, 4/19/2026 2:00 PM",Exchange,3,0,66.00
Week ending 2026-04-19,SY260419P,"Sun, 4/19/2026 2:00 PM",Internet,73,0,"1,213.00"
Week ending 2026-04-19,SY260419P,"Sun, 4/19/2026 2:00 PM",Single,2,0,41.00
Week ending 2026-04-19,SY260419P,"Sun, 4/19/2026 2:00 PM",Subscription,173,0,"2,930.00"
Week ending 2026-05-10,260508E,"Fri, 5/8/2026 8:00 PM",Exchange,(6),0,-386.60
Week ending 2026-05-10,260508E,"Fri, 5/8/2026 8:00 PM",Internet,98,0,"6,718.80"
Week ending 2026-05-10,260508E,"Fri, 5/8/2026 8:00 PM",Single,2,0,182.00
Week ending 2026-05-10,260508E,"Fri, 5/8/2026 8:00 PM",Subscription,302,0,"21,673.50"
Week ending 2026-05-10,260509E,"Sat, 5/9/2026 8:00 PM",Exchange,0,0,5.60
Week ending 2026-05-10,260509E,"Sat, 5/9/2026 8:00 PM",Internet,168,0,"11,316.00"
Week ending 2026-05-10,260509E,"Sat, 5/9/2026 8:00 PM",Single,12,0,"1,062.00"
Week ending 2026-05-10,260509E,"Sat, 5/9/2026 8:00 PM",Subscription,492,0,"33,702.10"
Week ending 2026-05-10,260510M,"Sun, 5/10/2026 2:00 PM",Exchange,(1),0,178.00
Week ending 2026-05-10,260510M,"Sun, 5/10/2026 2:00 PM",Internet,197,0,"12,805.10"
Week ending 2026-05-10,260510M,"Sun, 5/10/2026 2:00 PM",Single,15,0,"1,217.00"
Week ending 2026-05-10,260510M,"Sun, 5/10/2026 2:00 PM",Subscription,455,0,"29,661.60"
Week ending 2026-05-10,SY260508P,"Fri, 5/8/2026 8:00 PM",Exchange,(3),0,-57.00
Week ending 2026-05-10,SY260508P,"Fri, 5/8/2026 8:00 PM",Internet,32,0,557.00
Week ending 2026-05-10,SY260508P,"Fri, 5/8/2026 8:00 PM",Single,2,0,32.00
Week ending 2026-05-10,SY260508P,"Fri, 5/8/2026 8:00 PM",Subscription,133,0,"2,317.00"
Week ending 2026-05-10,SY260509P,"Sat, 5/9/2026 8:00 PM",Exchange,2,0,23.00
Week ending 2026-05-10,SY260509P,"Sat, 5/9/2026 8:00 PM",Internet,57,0,993.00
Week ending 2026-05-10,SY260509P,"Sat, 5/9/2026 8:00 PM",Single,3,0,66.00
Week ending 2026-05-10,SY260509P,"Sat, 5/9/2026 8:00 PM",Subscription,198,0,"3,447.00"
Week ending 2026-05-10,SY260510P,"Sun, 5/10/2026 2:00 PM",Exchange,(1),0,2.00
Week ending 2026-05-10,SY260510P,"Sun, 5/10/2026 2:00 PM",Internet,76,0,"1,261.00"
Week ending 2026-05-10,SY260510P,"Sun, 5/10/2026 2:00 PM",Single,4,0,73.00
Week ending 2026-05-10,SY260510P,"Sun, 5/10/2026 2:00 PM",Subscription,178,0,"3,001.00"
Week ending 2026-05-10,260509A,"Sat, 5/9/2026 9:30 AM",Exchange,0,0,0.00
Week ending 2026-05-10,260509B,"Sat, 5/9/2026 10:30 AM",Exchange,0,0,0.00
Week ending 2026-05-10,260509C,"Sat, 5/9/2026 11:30 AM",Exchange,0,0,0.00
Week ending 2026-05-17,260515E,"Fri, 5/15/2026 8:00 PM",Exchange,(1),0,187.00
Week ending 2026-05-17,260515E,"Fri, 5/15/2026 8:00 PM",Internet,244,0,"20,686.00"
Week ending 2026-05-17,260515E,"Fri, 5/15/2026 8:00 PM",Single,9,0,954.00
Week ending 2026-05-17,260515E,"Fri, 5/15/2026 8:00 PM",Subscription,537,0,"46,493.60"
Week ending 2026-05-17,260516E,"Sat, 5/16/2026 8:00 PM",Exchange,(10),0,-500.00
Week ending 2026-05-17,260516E,"Sat, 5/16/2026 8:00 PM",Internet,255,0,"22,135.40"
Week ending 2026-05-17,260516E,"Sat, 5/16/2026 8:00 PM",Single,8,0,740.00
Week ending 2026-05-17,260516E,"Sat, 5/16/2026 8:00 PM",Subscription,466,0,"40,012.60"
Week ending 2026-05-17,260517M,"Sun, 5/17/2026 2:00 PM",Exchange,1,0,210.80
Week ending 2026-05-17,260517M,"Sun, 5/17/2026 2:00 PM",Internet,191,0,"15,787.60"
Week ending 2026-05-17,260517M,"Sun, 5/17/2026 2:00 PM",Single,18,0,"1,789.00"
Week ending 2026-05-17,260517M,"Sun, 5/17/2026 2:00 PM",Subscription,297,0,"24,661.20"
Week ending 2026-05-17,SY260515P,"Fri, 5/15/2026 8:00 PM",Exchange,0,0,18.00
Week ending 2026-05-17,SY260515P,"Fri, 5/15/2026 8:00 PM",Internet,76,0,"1,288.00"
Week ending 2026-05-17,SY260515P,"Fri, 5/15/2026 8:00 PM",Single,3,0,66.00
Week ending 2026-05-17,SY260515P,"Fri, 5/15/2026 8:00 PM",Subscription,206,0,"3,584.00"
Week ending 2026-05-17,SY260516P,"Sat, 5/16/2026 8:00 PM",Exchange,(5),0,-71.00
Week ending 2026-05-17,SY260516P,"Sat, 5/16/2026 8:00 PM",Internet,79,0,"1,327.00"
Week ending 2026-05-17,SY260516P,"Sat, 5/16/2026 8:00 PM",Single,1,0,16.00
Week ending 2026-05-17,SY260516P,"Sat, 5/16/2026 8:00 PM",Subscription,192,0,"3,234.00"
Week ending 2026-05-17,SY260517P,"Sun, 5/17/2026 2:00 PM",Exchange,0,0,-9.00
Week ending 2026-05-17,SY260517P,"Sun, 5/17/2026 2:00 PM",Internet,64,0,"1,123.00"
Week ending 2026-05-17,SY260517P,"Sun, 5/17/2026 2:00 PM",Single,7,0,112.00
Week ending 2026-05-17,SY260517P,"Sun, 5/17/2026 2:00 PM",Subscription,115,0,"2,029.00"
Week ending 2026-05-24,260521E,"Thu, 5/21/2026 8:00 PM",Internet,97,0,"9,910.00"
Week ending 2026-05-24,260521E,"Thu, 5/21/2026 8:00 PM",Single,2,0,120.00
Week ending 2026-05-24,260521E,"Thu, 5/21/2026 8:00 PM",Subscription,4,0,466.00
Week ending 2026-05-24,260522E,"Fri, 5/22/2026 8:00 PM",Exchange,4,0,420.00
Week ending 2026-05-24,260522E,"Fri, 5/22/2026 8:00 PM",Internet,222,0,"22,152.00"
Week ending 2026-05-24,260522E,"Fri, 5/22/2026 8:00 PM",Single,7,0,560.00
Week ending 2026-05-24,260522E,"Fri, 5/22/2026 8:00 PM",Subscription,3,0,180.00
Week ending 2026-05-24,SY260521P,"Thu, 5/21/2026 8:00 PM",Internet,23,0,404.00
Week ending 2026-05-24,SY260521P,"Thu, 5/21/2026 8:00 PM",Single,1,0,16.00
Week ending 2026-05-24,SY260521P,"Thu, 5/21/2026 8:00 PM",Subscription,1,0,16.00
Week ending 2026-05-24,SY260522P,"Fri, 5/22/2026 8:00 PM",Exchange,1,0,16.00
Week ending 2026-05-24,SY260522P,"Fri, 5/22/2026 8:00 PM",Internet,39,0,660.00
Week ending 2026-05-24,SY260522P,"Fri, 5/22/2026 8:00 PM",Single,2,0,32.00
Week ending 2026-05-31,260529E,"Fri, 5/29/2026 8:00 PM",Exchange,(5),0,-396.00
Week ending 2026-05-31,260529E,"Fri, 5/29/2026 8:00 PM",Internet,128,0,"8,025.10"
Week ending 2026-05-31,260529E,"Fri, 5/29/2026 8:00 PM",Single,4,0,232.00
Week ending 2026-05-31,260529E,"Fri, 5/29/2026 8:00 PM",Subscription,453,0,"31,978.80"
Week ending 2026-05-31,260530E,"Sat, 5/30/2026 8:00 PM",Exchange,(5),0,-125.00
Week ending 2026-05-31,260530E,"Sat, 5/30/2026 8:00 PM",Internet,142,0,"9,737.30"
Week ending 2026-05-31,260530E,"Sat, 5/30/2026 8:00 PM",Single,2,0,80.00
Week ending 2026-05-31,260530E,"Sat, 5/30/2026 8:00 PM",Subscription,453,0,"29,591.60"
Week ending 2026-05-31,260531M,"Sun, 5/31/2026 2:00 PM",Exchange,5,0,450.00
Week ending 2026-05-31,260531M,"Sun, 5/31/2026 2:00 PM",Internet,166,0,"10,882.90"
Week ending 2026-05-31,260531M,"Sun, 5/31/2026 2:00 PM",Single,1,0,110.00
Week ending 2026-05-31,260531M,"Sun, 5/31/2026 2:00 PM",Subscription,437,0,"28,766.40"
Week ending 2026-05-31,SY260529P,"Fri, 5/29/2026 8:00 PM",Exchange,(4),0,-100.00
Week ending 2026-05-31,SY260529P,"Fri, 5/29/2026 8:00 PM",Internet,48,0,840.00
Week ending 2026-05-31,SY260529P,"Fri, 5/29/2026 8:00 PM",Single,1,0,16.00
Week ending 2026-05-31,SY260529P,"Fri, 5/29/2026 8:00 PM",Subscription,185,0,"3,221.00"
Week ending 2026-05-31,SY260530P,"Sat, 5/30/2026 8:00 PM",Exchange,0,0,9.00
Week ending 2026-05-31,SY260530P,"Sat, 5/30/2026 8:00 PM",Internet,49,0,856.00
Week ending 2026-05-31,SY260530P,"Sat, 5/30/2026 8:00 PM",Single,2,0,32.00
Week ending 2026-05-31,SY260530P,"Sat, 5/30/2026 8:00 PM",Subscription,185,0,"3,185.00"
Week ending 2026-05-31,SY260531P,"Sun, 5/31/2026 2:00 PM",Exchange,6,0,105.00
Week ending 2026-05-31,SY260531P,"Sun, 5/31/2026 2:00 PM",Internet,57,0,984.00
Week ending 2026-05-31,SY260531P,"Sun, 5/31/2026 2:00 PM",Subscription,164,0,"2,795.00"
Week ending 2026-05-31,260528E,"Thu, 5/28/2026 8:00 PM",Internet,7,0,980.00
Week ending 2026-05-31,260528E,"Thu, 5/28/2026 8:00 PM",Single,4,0,560.00
Week ending 2026-05-31,260528E,"Thu, 5/28/2026 8:00 PM",Subscription,5,0,700.00
Week ending 2026-06-07,260606E,"Sat, 6/6/2026 8:00 PM",Exchange,(3),0,-92.40
Week ending 2026-06-07,260606E,"Sat, 6/6/2026 8:00 PM",Internet,186,0,"12,854.30"
Week ending 2026-06-07,260606E,"Sat, 6/6/2026 8:00 PM",Single,10,0,704.00
Week ending 2026-06-07,260606E,"Sat, 6/6/2026 8:00 PM",Subscription,475,0,"32,720.70"
Week ending 2026-06-07,260605E,"Fri, 6/5/2026 8:00 PM",Exchange,2,0,-32.00
Week ending 2026-06-07,260605E,"Fri, 6/5/2026 8:00 PM",Internet,132,0,"8,499.90"
Week ending 2026-06-07,260605E,"Fri, 6/5/2026 8:00 PM",Single,5,0,363.00
Week ending 2026-06-07,260605E,"Fri, 6/5/2026 8:00 PM",Subscription,466,0,"32,640.30"
Week ending 2026-06-07,260607M,"Sun, 6/7/2026 2:00 PM",Exchange,11,0,549.00
Week ending 2026-06-07,260607M,"Sun, 6/7/2026 2:00 PM",Internet,217,0,"14,401.30"
Week ending 2026-06-07,260607M,"Sun, 6/7/2026 2:00 PM",Single,19,0,"1,563.00"
Week ending 2026-06-07,260607M,"Sun, 6/7/2026 2:00 PM",Subscription,463,0,"30,166.30"
Week ending 2026-06-07,SY260605P,"Fri, 6/5/2026 8:00 PM",Exchange,0,0,-27.00
Week ending 2026-06-07,SY260605P,"Fri, 6/5/2026 8:00 PM",Internet,50,0,872.00
Week ending 2026-06-07,SY260605P,"Fri, 6/5/2026 8:00 PM",Single,3,0,66.00
Week ending 2026-06-07,SY260605P,"Fri, 6/5/2026 8:00 PM",Subscription,193,0,"3,358.00"
Week ending 2026-06-07,SY260606P,"Sat, 6/6/2026 8:00 PM",Exchange,(1),0,-25.00
Week ending 2026-06-07,SY260606P,"Sat, 6/6/2026 8:00 PM",Internet,59,0,"1,025.00"
Week ending 2026-06-07,SY260606P,"Sat, 6/6/2026 8:00 PM",Single,3,0,48.00
Week ending 2026-06-07,SY260606P,"Sat, 6/6/2026 8:00 PM",Subscription,190,0,"3,319.00"
Week ending 2026-06-07,SY260607P,"Sun, 6/7/2026 2:00 PM",Exchange,6,0,114.00
Week ending 2026-06-07,SY260607P,"Sun, 6/7/2026 2:00 PM",Internet,83,0,"1,382.00"
Week ending 2026-06-07,SY260607P,"Sun, 6/7/2026 2:00 PM",Single,9,0,144.00
Week ending 2026-06-07,SY260607P,"Sun, 6/7/2026 2:00 PM",Subscription,181,0,"3,040.00"
Week ending 2026-06-07,260604E,"Thu, 6/4/2026 8:00 PM",Single,10,0,"1,400.00"
Week ending 2026-06-07,260604E,"Thu, 6/4/2026 8:00 PM",Subscription,5,0,700.00
Week ending 2026-06-21,260619E,"Fri, 6/19/2026 8:00 PM",Exchange,2,0,554.00
Week ending 2026-06-21,260619E,"Fri, 6/19/2026 8:00 PM",Internet,149,0,"10,273.60"
Week ending 2026-06-21,260619E,"Fri, 6/19/2026 8:00 PM",Single,12,0,961.00
Week ending 2026-06-21,260619E,"Fri, 6/19/2026 8:00 PM",Subscription,320,0,"22,533.80"
Week ending 2026-06-21,260620E,"Sat, 6/20/2026 8:00 PM",Exchange,38,0,"2,218.40"
Week ending 2026-06-21,260620E,"Sat, 6/20/2026 8:00 PM",Internet,221,0,"14,425.60"
Week ending 2026-06-21,260620E,"Sat, 6/20/2026 8:00 PM",Single,24,0,"1,439.00"
Week ending 2026-06-21,260620E,"Sat, 6/20/2026 8:00 PM",Subscription,541,0,"35,367.00"
Week ending 2026-06-21,260621M,"Sun, 6/21/2026 2:00 PM",Exchange,8,0,756.00
Week ending 2026-06-21,260621M,"Sun, 6/21/2026 2:00 PM",Internet,245,0,"15,661.40"
Week ending 2026-06-21,260621M,"Sun, 6/21/2026 2:00 PM",Single,26,0,"1,794.00"
Week ending 2026-06-21,260621M,"Sun, 6/21/2026 2:00 PM",Subscription,480,0,"30,541.80"
Week ending 2026-06-21,SY260619P,"Fri, 6/19/2026 8:00 PM",Exchange,2,0,32.00
Week ending 2026-06-21,SY260619P,"Fri, 6/19/2026 8:00 PM",Internet,45,0,792.00
Week ending 2026-06-21,SY260619P,"Fri, 6/19/2026 8:00 PM",Single,4,0,73.00
Week ending 2026-06-21,SY260619P,"Fri, 6/19/2026 8:00 PM",Subscription,133,0,"2,308.00"
Week ending 2026-06-21,SY260620P,"Sat, 6/20/2026 8:00 PM",Exchange,11,0,194.00
Week ending 2026-06-21,SY260620P,"Sat, 6/20/2026 8:00 PM",Internet,74,0,"1,274.00"
Week ending 2026-06-21,SY260620P,"Sat, 6/20/2026 8:00 PM",Single,10,0,160.00
Week ending 2026-06-21,SY260620P,"Sat, 6/20/2026 8:00 PM",Subscription,216,0,"3,726.00"
Week ending 2026-06-21,SY260621P,"Sun, 6/21/2026 2:00 PM",Exchange,4,0,73.00
Week ending 2026-06-21,SY260621P,"Sun, 6/21/2026 2:00 PM",Internet,83,0,"1,400.00"
Week ending 2026-06-21,SY260621P,"Sun, 6/21/2026 2:00 PM",Single,10,0,187.00
Week ending 2026-06-21,SY260621P,"Sun, 6/21/2026 2:00 PM",Subscription,174,0,"2,937.00"
Week ending 2026-07-05,26QUARTET1,"Tue, 6/30/2026 8:00 PM",Subscription,2,0,96.00
Week ending 2026-07-05,26QUARTET2,"Tue, 6/30/2026 8:00 PM",Subscription,2,0,96.00
Week ending 2026-07-05,26QUARTET3,"Tue, 6/30/2026 8:00 PM",Subscription,2,0,96.00
Week ending 2026-07-05,26QUARTET4,"Tue, 6/30/2026 8:00 PM",Subscription,2,0,96.00
Week ending 2026-07-05,26TRIO1,"Tue, 6/30/2026 8:00 PM",Exchange,0,0,0.00
Week ending 2026-07-05,26TRIO2,"Tue, 6/30/2026 8:00 PM",Exchange,0,0,0.00
Week ending 2026-07-05,26TRIO3,"Tue, 6/30/2026 8:00 PM",Exchange,0,0,0.00
Week ending 2026-07-05,26STUPASS,"Tue, 6/30/2026 8:00 PM",Subscription,71,0,"3,600.00"
Week ending 2026-07-05,SY260630P,"Tue, 6/30/2026 8:00 PM",Subscription,0,0,0.00

