,,,,Status:,Updated 9/15,,Denotes Piazza,Update all fields in Blue each week,We expect 50% of Single Sales 1 Week Prior,85%+ occupancy,,,,95%+ of Budget,,,,100%+ of Target,, ,,,,,,,,,,,,,,
,,,,,,,,,,70-85% occupancy,,,,85-95% of Budget,,,,90-99% of Target,,,,,,,,,,,,,,,,
,,,,,,Week #,,,,<70% occupancy,,,,<85% of Budget,,,,<90% of Target,,,,,,,,,,,,,,,,
,,,TICKET SALES REPORT as of 9/15/2025,,,3,,TOTAL SALES (Singles + Subs),,,,,,,Single Tickets,,,,,,,,Subscription Tickets,,,,Hall Data,,,Audience Data,,,Revenue last week,Increase over week
Wk #,# Weeks Until Perf,Perf. Week (Mon),Performance,,,Performance Date(s),Performance Type,Actual Total Tickets Sold,Projected Single Tickets + Actual Subs,Projected Total OCC at Performance,Total Actual Revenue,TOTAL BUDGET,"Actual/
Budget %",Projected/ Budget %,Actual Single Tickets Sold,Target Single Tickets for 85% OCC,Projected Single Tickets,Projected Single Tickets vs 85% OCC Target,Actual Revenue,BUDGET,"Actual/
Budget %",Projected/ Budget %,Actual Sub Tickets Sold,Actual Revenue,BUDGET,Actual vs Budget %,Max CAP,Actual OCC SOLD,Single Ticket ATP,# New HH,# Ret HH,# Total HH,,
1,-2,9/1/2025,26 Morgan Freeman's Symphonic Blues,,,9/2/2025,Specials,"  1,169 ",#N/A,#N/A," $ 137,698 "," $ 153,473 ",90%,#N/A,"  1,169 ","  1,107 ",#N/A,#N/A," $ 137,698 "," $ 153,473 ",90%,#N/A,,, $ -   ,,"  1,302 ",90%, $ 118 ,228,295,523,"$137,698.00 ",$0.00
1,-2,9/1/2025,26 Morgan Freeman's Symphonic Blues,,,9/3/2025,Specials,"  1,148 ",#N/A,#N/A," $ 134,386 "," $ 153,473 ",88%,#N/A,"  1,148 ","  1,107 ",#N/A,#N/A," $ 134,386 "," $ 153,473 ",88%,#N/A,,, $ -   ,,"  1,302 ",88%, $ 117 ,227,289,516,"$134,386.00 ",$0.00
1,-2,9/1/2025,26 La nuit sombre,,,9/5/2025,Specials,  699 ,#N/A,#N/A," $ 20,005 "," $ 15,000 ",133%,#N/A,  699 ,  510 ,#N/A,#N/A," $ 20,005 "," $ 15,000 ",133%,#N/A,,, $ -   ,,  600 ,117%, $ 29 ,86,209,295,"$20,005.00 ",$0.00
2,-1,9/8/2025,OPEN - Recording Week,,,,,  -   ,#N/A,,,,#DIV/0!,,,,#N/A,,,,,,,,,N/A,,#DIV/0!,,,,,,
3,0,9/15/2025,26 PS1 Music of Journey,,,9/19/2025,Pops,"  1,092 ","  1,092 ",69%," $ 71,855 "," $ 100,666 ",71%,71%,  444 ,  801 ,  444 ,55%," $ 24,387 "," $ 59,333 ",41%,49%,  648 ," $ 47,468 "," $ 41,333 ",115%,"  1,590 ",69%, $ 66 ,67,416,483,"$69,230.00 ","$2,624.60"
3,0,9/15/2025,26 PS1 Music of Journey,,,9/20/2025,Pops,"  1,043 ","  1,043 ",66%," $ 70,013 "," $ 100,667 ",70%,70%,  473 ,  867 ,  473 ,55%," $ 28,248 "," $ 59,333 ",48%,54%,  570 ," $ 41,765 "," $ 41,334 ",101%,"  1,590 ",66%, $ 67 ,78,376,454,"$67,949.00 ","$2,064.30"
3,0,9/15/2025,26 PS1 Music of Journey,,,9/21/2025,Pops,  884 ,  884 ,56%," $ 56,072 "," $ 100,666 ",56%,56%,  526 ,"  1,047 ",  526 ,50%," $ 31,174 "," $ 59,333 ",53%,56%,  358 ," $ 24,898 "," $ 41,333 ",60%,"  1,590 ",56%, $ 63 ,74,286,360,"$52,671.00 ","$3,401.30"
4,1,9/22/2025,26 FS1 The Orchestra Games,,,9/28/2025,Family,  487 ,  624 ,48%," $ 12,684 "," $ 19,500 ",65%,83%,  197 ,  860 ,  334 ,39%," $ 6,207 "," $ 10,000 ",62%,87%,  290 ," $ 6,477 "," $ 9,500 ",68%,"  1,302 ",37%, $ 26 ,21,104,125,"$12,086.00 ",$598.00
5,2,9/29/2025,Chicken Fried,,,10/4/2025,Specials,  201 ,  437 ,27%," $ 15,091 "," $ 58,000 ",26%,57%,  201 ,"  1,352 ",  437 ,32%," $ 15,091 "," $ 58,000 ",26%,57%,,,,,"  1,590 ",13%, $ 75 ,7,70,77,"$14,181.00 ",$910.00
6,3,10/6/2025,26 CS01 Appalachian Spring,,,10/10/2025,Classical,  743 ,"  1,098 ",77%," $ 47,640 "," $ 100,000 ",48%,70%,  227 ,  779 ,  582 ,75%," $ 12,933 "," $ 16,666 ",78%,224%,  516 ," $ 34,707 "," $ 33,333 ",104%,"  1,433 ",52%, $ 64 ,13,370,383,"$47,326.00 ",$314.00
6,3,10/6/2025,26 CS01 Appalachian Spring,,,10/11/2025,Classical,  837 ,"  1,237 ",86%," $ 55,614 "," $ 100,000 ",56%,82%,  256 ,  724 ,  656 ,91%," $ 16,296 "," $ 16,666 ",98%,262%,  581 ," $ 39,318 "," $ 33,333 ",118%,"  1,433 ",58%, $ 66 ,21,386,407,"$52,503.00 ","$3,111.10"
6,3,10/6/2025,26 CS01 Appalachian Spring,,,10/12/2025,Classical,  919 ,"  1,418 ",99%," $ 57,933 "," $ 100,000 ",58%,89%,  319 ,  708 ,  818 ,116%," $ 19,152 "," $ 16,666 ",115%,309%,  600 ," $ 38,781 "," $ 33,334 ",116%,"  1,433 ",64%, $ 63 ,17,455,472,"$55,606.00 ","$2,326.60"
7,4,10/13/2025,26 Top Gun: Maverick in Concert,,,10/17/2025,Specials/Film,  645 ,"  1,955 ",150%," $ 48,750 "," $ 103,497 ",47%,143%,  645 ,"  1,107 ","  1,955 ",177%," $ 48,750 "," $ 103,497 ",47%,143%,,,,,"  1,302 ",50%, $ 76 ,51,179,230,"$46,261.00 ","$2,489.00"
7,4,10/13/2025,26 Top Gun: Maverick in Concert,,,10/18/2025,Specials/Film,  808 ,"  2,448 ",188%," $ 60,628 "," $ 103,497 ",59%,178%,  808 ,"  1,107 ","  2,448 ",221%," $ 60,628 "," $ 103,497 ",59%,178%,,,,,"  1,302 ",62%, $ 75 ,74,184,258,"$55,583.00 ","$5,045.00"
7,4,10/13/2025,26 Top Gun: Maverick in Concert,,,10/19/2025,Specials/Film,  594 ,"  1,800 ",138%," $ 44,494 "," $ 103,496 ",43%,130%,  594 ,"  1,107 ","  1,800 ",163%," $ 44,494 "," $ 103,496 ",43%,130%,,,,,"  1,302 ",46%, $ 75 ,38,149,187,"$39,484.00 ","$5,010.00"
8,5,10/20/2025,26 The Lodger,,,10/22/2025,Specials/Film,  208 ,  693 ,53%," $ 10,588 "," $ 50,000 ",21%,71%,  208 ,"  1,107 ",  693 ,63%," $ 10,588 "," $ 50,000 ",21%,71%,,,,,"  1,302 ",16%, $ 51 ,5,78,83,"$10,238.00 ",$350.00
8,5,10/20/2025,26 PS2 90s Mixtape,,,10/24/2025,Pops,  812 ,"  1,041 ",65%," $ 57,609 "," $ 92,333 ",62%,80%,  98 ,  745 ,  327 ,44%," $ 5,960 "," $ 53,333 ",11%,43%,  714 ," $ 51,649 "," $ 39,000 ",132%,"  1,590 ",51%, $ 71 ,7,350,357,"$56,960.00 ",$649.10
8,5,10/20/2025,26 PS2 90s Mixtape,,,10/25/2025,Pops,  754 ,"  1,027 ",65%," $ 52,383 "," $ 92,333 ",57%,77%,  117 ,  810 ,  390 ,48%," $ 6,634 "," $ 53,333 ",12%,51%,  637 ," $ 45,749 "," $ 39,000 ",117%,"  1,590 ",47%, $ 69 ,11,320,311,"$52,132.00 ",$250.80
8,5,10/20/2025,26 PS2 90s Mixtape,,,10/26/2025,Pops,  476 ,  700 ,44%," $ 31,819 "," $ 92,333 ",34%,51%,  96 ,"  1,029 ",  320 ,31%," $ 6,028 "," $ 53,333 ",11%,40%,  380 ," $ 25,791 "," $ 39,000 ",66%,"  1,590 ",30%, $ 67 ,6,209,203,"$31,111.00 ",$707.50
9,6,10/27/2025,26 On-Stage 1,,,10/29/2025,On Stage,  25 ,  93 ,93%," $ 2,800 "," $ 11,200 ",25%,93%,  25 ,  85 ,  93 ,109%," $ 2,800 "," $ 11,200 ",25%,93%,,,,,  100 ,25%, $ 112 ,0,11,11,"$2,800.00 ",$0.00
9,6,10/27/2025,26 CS02 Rachmaninoff Cele Pt 1,,,10/31/2025,Classical,  468 ,  798 ,56%," $ 30,757 "," $ 52,000 ",59%,101%,  122 ,  924 ,  452 ,49%," $ 6,504 "," $ 22,000 ",30%,135%,  346 ," $ 24,253 "," $ 30,000 ",81%,"  1,433 ",33%, $ 66 ,10,222,232,"$30,629.00 ",$128.00
9,6,10/27/2025,26 CS02 Rachmaninoff Cele Pt 1,,,11/1/2025,Classical,  927 ,"  1,911 ",133%," $ 57,693 "," $ 86,500 ",67%,138%,  364 ,  740 ,"  1,348 ",182%," $ 20,977 "," $ 31,500 ",67%,266%,  563 ," $ 36,716 "," $ 55,000 ",67%,"  1,433 ",65%, $ 62 ,26,397,423,"$56,104.00 ","$1,589.00"
9,6,10/27/2025,26 CS02 Rachmaninoff Cele Pt 1,,,11/2/2025,Classical,  817 ,"  1,509 ",105%," $ 51,432 "," $ 86,500 ",59%,110%,  256 ,  741 ,  948 ,128%," $ 15,120 "," $ 31,500 ",48%,189%,  561 ," $ 36,312 "," $ 55,000 ",66%,"  1,433 ",57%, $ 63 ,17,407,424,"$50,340.00 ","$1,092.10"
10,7,11/3/2025,26 FS2 Carnival of the Animals,,,11/9/2025,Family,  443 , Too early ,Too early," $ 10,703 "," $ 19,500 ",55%,Too early,  144 ,  851 , Too early ,Too early," $ 4,064 "," $ 10,000 ",41%,Too early,  299 ," $ 6,639 "," $ 9,500 ",70%,"  1,300 ",34%, $ 24 ,9,103,112,"$10,523.00 ",$180.00
11,8,11/10/2025,OPEN,,,,,  -   , Too early ,, $ -   , $ -   ,#DIV/0!,,,, Too early ,,,,,,,,,N/A,,#DIV/0!,#DIV/0!,,,, $-   ,
12,9,11/17/2025,26 CS03 Matthias and Mahler 7,,,11/21/2025,Classical,  438 , Too early ,Too early," $ 29,114 "," $ 40,000 ",73%,Too early,  73 ,"  1,041 ", Too early ,Too early," $ 3,848 "," $ 15,000 ",26%,Too early,  365 ," $ 25,266 "," $ 25,000 ",101%,"  1,590 ",28%, $ 66 ,1,221,222,"$28,960.00 ",$154.00
12,9,11/17/2025,26 CS03 Matthias and Mahler 7,,,11/22/2025,Classical,  706 , Too early ,Too early," $ 47,478 "," $ 66,500 ",71%,Too early,  118 ,  852 , Too early ,Too early," $ 7,407 "," $ 11,500 ",64%,Too early,  588 ," $ 40,071 "," $ 55,000 ",73%,"  1,590 ",44%, $ 67 ,4,347,351,"$46,306.00 ","$1,171.90"
12,9,11/17/2025,26 CS03 Matthias and Mahler 7,,,11/23/2025,Classical,  719 , Too early ,Too early," $ 46,613 "," $ 66,500 ",70%,Too early,  98 ,  824 , Too early ,Too early," $ 6,541 "," $ 11,500 ",57%,Too early,  621 ," $ 40,072 "," $ 55,000 ",73%,"  1,590 ",45%, $ 65 ,3,391,394,"$46,473.00 ",$140.20
13,10,11/24/2025,26 Elf™ in Concert,,,11/28/2025,Specials/Film,  310 , Too early ,Too early," $ 20,978 "," $ 107,500 ",20%,Too early,  310 ,"  1,107 ", Too early ,Too early," $ 20,978 "," $ 107,500 ",20%,Too early,,,,,"  1,302 ",24%, $ 68 ,17,45,62,"$19,726.00 ","$1,251.60"
13,10,11/24/2025,26 Elf™ in Concert,,,11/29/2025,Specials/Film,  370 , Too early ,Too early," $ 24,415 "," $ 107,500 ",23%,Too early,  370 ,"  1,107 ", Too early ,Too early," $ 24,415 "," $ 107,500 ",23%,Too early,,,,,"  1,302 ",28%, $ 66 ,22,53,75,"$23,630.00 ",$784.60
13,10,11/24/2025,26 Elf™ in Concert,,,11/29/2025,Specials/Film,  283 , Too early ,Too early," $ 19,000 "," $ 107,500 ",18%,Too early,  283 ,"  1,107 ", Too early ,Too early," $ 19,000 "," $ 107,500 ",18%,Too early,,,,,"  1,302 ",22%, $ 67 ,12,56,68,"$18,424.00 ",$576.00
13,10,11/24/2025,26 Elf™ in Concert,,,11/30/2025,Specials/Film,  493 , Too early ,Too early," $ 34,570 "," $ 107,500 ",32%,Too early,  493 ,"  1,107 ", Too early ,Too early," $ 34,570 "," $ 107,500 ",32%,Too early,,,,,"  1,302 ",38%, $ 70 ,21,88,109,"$33,261.00 ","$1,308.60"
14,11,12/1/2025,26 Handel's Messiah,,,12/5/2025,Holiday,  357 , Too early ,Too early," $ 18,854 "," $ 78,333 ",24%,Too early,  357 ,"  1,218 ", Too early ,Too early," $ 18,854 "," $ 78,333 ",24%,Too early,,,,,"  1,433 ",25%, $ 53 ,19,86,105,"$16,236.00 ","$2,617.50"
14,11,12/1/2025,26 Handel's Messiah,,,12/6/2025,Holiday,  366 , Too early ,Too early," $ 22,002 "," $ 78,334 ",28%,Too early,  366 ,"  1,218 ", Too early ,Too early," $ 22,002 "," $ 78,334 ",28%,Too early,,,,,"  1,433 ",26%, $ 60 ,20,95,115,"$21,562.00 ",$439.50
14,11,12/1/2025,26 Handel's Messiah,,,12/7/2025,Holiday,  408 , Too early ,Too early," $ 21,653 "," $ 78,333 ",28%,Too early,  408 ,"  1,218 ", Too early ,Too early," $ 21,653 "," $ 78,333 ",28%,Too early,,,,,"  1,433 ",28%, $ 53 ,26,105,131,"$20,533.00 ","$1,119.50"
15,12,12/8/2025,26 Leslie Odom Jr.: Christmas,,,12/12/2025,Specials,"  1,006 ", Too early ,Too early," $ 103,427 "," $ 150,000 ",69%,Too early,"  1,006 ","  1,352 ", Too early ,Too early," $ 103,427 "," $ 150,000 ",69%,Too early,,,,,"  1,590 ",63%, $ 103 ,87,264,351,"$98,177.00 ","$5,250.00"
15,12,12/8/2025,26 Leslie Odom Jr.: Christmas,,,12/13/2025,Specials,"  1,233 ", Too early ,Too early," $ 123,198 "," $ 150,000 ",82%,Too early,"  1,233 ","  1,352 ", Too early ,Too early," $ 123,198 "," $ 150,000 ",82%,Too early,,,,,"  1,590 ",78%, $ 100 ,128,291,419,"$118,044.00 ","$5,154.00"
16,13,12/15/2025,26 Christmas Festival,,,12/18/2025,Holiday,  218 , Too early ,Too early," $ 13,189 "," $ 75,833 ",17%,Too early,  218 ,"  1,218 ", Too early ,Too early," $ 13,189 "," $ 75,833 ",17%,Too early,,,,,"  1,433 ",15%, $ 61 ,,,,"$12,454.00 ",$735.00
16,13,12/15/2025,26 Christmas Festival,,,12/19/2025,Holiday,  193 , Too early ,Too early," $ 11,667 "," $ 75,833 ",15%,Too early,  193 ,"  1,218 ", Too early ,Too early," $ 11,667 "," $ 75,833 ",15%,Too early,,,,,"  1,433 ",13%, $ 60 ,,,,"$11,477.00 ",$189.50
16,13,12/15/2025,26 Christmas Festival,,,12/20/2025,Holiday,  350 , Too early ,Too early," $ 21,405 "," $ 75,833 ",28%,Too early,  350 ,"  1,218 ", Too early ,Too early," $ 21,405 "," $ 75,833 ",28%,Too early,,,,,"  1,433 ",24%, $ 61 ,,,,"$20,515.00 ",$889.50
16,13,12/15/2025,26 Christmas Festival,,,12/20/2025,Holiday,  224 , Too early ,Too early," $ 13,817 "," $ 75,833 ",18%,Too early,  224 ,"  1,218 ", Too early ,Too early," $ 13,817 "," $ 75,833 ",18%,Too early,,,,,"  1,433 ",16%, $ 62 ,,,,"$12,895.00 ",$922.00
16,13,12/15/2025,26 Christmas Festival,,,12/21/2025,Holiday,  589 , Too early ,Too early," $ 23,553 "," $ 88,284 ",27%,Too early,  290 ,  964 , Too early ,Too early," $ 16,914 "," $ 75,834 ",22%,Too early,  299 ," $ 6,639 "," $ 12,450 ",53%,"  1,433 ",41%, $ 40 ,,,,"$21,923.00 ","$1,630.00"
16,13,12/15/2025,26 Christmas Festival,,,12/21/2025,Holiday,  137 , Too early ,Too early," $ 7,896 "," $ 75,834 ",10%,Too early,  137 ,"  1,218 ", Too early ,Too early," $ 7,896 "," $ 75,834 ",10%,Too early,,,,,"  1,433 ",10%, $ 58 ,,,,"$7,706.00 ",$190.00
17,14,12/22/2025,26 It's a Wonderful Life,,,12/23/2025,Specials/Film,  858 , Too early ,Too early," $ 66,654 "," $ 100,000 ",67%,Too early,  858 ,"  1,107 ", Too early ,Too early," $ 66,654 "," $ 100,000 ",67%,Too early,,,,,"  1,302 ",66%, $ 78 ,,,,"$62,594.00 ","$4,059.60"
17,14,12/22/2025,26 It's a Wonderful Life,,,12/24/2025,Specials/Film,  210 , Too early ,Too early," $ 14,364 "," $ 100,000 ",14%,Too early,  210 ,"  1,107 ", Too early ,Too early," $ 14,364 "," $ 100,000 ",14%,Too early,,,,,"  1,302 ",16%, $ 68 ,,,,"$13,544.00 ",$820.40
18,15,12/29/2025,OPEN,,,,,  -   , Too early ,, $ -   , $ -   ,#DIV/0!,,,, Too early ,,,,,,,,,N/A,,#DIV/0!,#DIV/0!,,,, $-   ,
19,16,1/5/2026,26 CS04 Brahms' Fourth Symphony,,,1/9/2026,Classical,  598 , Too early ,Too early," $ 39,591 "," $ 54,999 ",72%,Too early,  29 ,  868 , Too early ,Too early," $ 1,282 "," $ 21,666 ",6%,Too early,  569 ," $ 38,309 "," $ 33,333 ",115%,"  1,590 ",38%, $ 66 ,,,,"$39,591.00 ",$0.00
19,16,1/5/2026,27 CS04 Brahms' Fourth Symphony,,,1/10/2026,Classical,  623 , Too early ,Too early," $ 40,128 "," $ 54,999 ",73%,Too early,  67 ,  879 , Too early ,Too early," $ 3,760 "," $ 21,666 ",17%,Too early,  556 ," $ 36,368 "," $ 33,333 ",109%,"  1,590 ",39%, $ 64 ,,,,"$40,067.00 ",$61.00
19,16,1/5/2026,28 CS04 Brahms' Fourth Symphony,,,1/11/2026,Classical,  621 , Too early ,Too early," $ 39,792 "," $ 55,000 ",72%,Too early,  52 ,  868 , Too early ,Too early," $ 3,088 "," $ 21,666 ",14%,Too early,  569 ," $ 36,704 "," $ 33,334 ",110%,"  1,590 ",39%, $ 64 ,,,,"$39,442.00 ",$349.50
20,17,1/12/2026,26 CS05 Pines of Rome & Bruch,,,1/16/2026,Classical,  417 , Too early ,Too early," $ 28,243 "," $ 60,000 ",47%,Too early,  50 ,"  1,040 ", Too early ,Too early," $ 2,960 "," $ 30,000 ",10%,Too early,  367 ," $ 25,283 "," $ 30,000 ",84%,"  1,590 ",26%, $ 68 ,,,,"$27,996.00 ",$247.00
20,17,1/12/2026,26 CS05 Pines of Rome & Bruch,,,1/17/2026,Classical,  718 , Too early ,Too early," $ 47,395 "," $ 75,000 ",63%,Too early,  118 ,  842 , Too early ,Too early," $ 6,839 "," $ 20,000 ",34%,Too early,  600 ," $ 40,556 "," $ 55,000 ",74%,"  1,590 ",45%, $ 66 ,,,,"$46,870.00 ",$524.90
20,17,1/12/2026,26 CS05 Pines of Rome & Bruch,,,1/18/2026,Classical,  696 , Too early ,Too early," $ 44,600 "," $ 75,000 ",59%,Too early,  89 ,  836 , Too early ,Too early," $ 5,667 "," $ 20,000 ",28%,Too early,  607 ," $ 38,933 "," $ 55,000 ",71%,"  1,590 ",44%, $ 64 ,,,,"$44,645.00 ",-$44.80
21,18,1/19/2026,26 Indiana Jones: Raiders Lost,,,1/22/2026,Specials/Film,  124 , Too early ,Too early," $ 7,410 "," $ 90,000 ",8%,Too early,  124 ,"  1,107 ", Too early ,Too early," $ 7,410 "," $ 90,000 ",8%,Too early,,,,,"  1,302 ",10%, $ 60 ,,,,"$7,349.00 ",$61.00
21,18,1/19/2026,26 Indiana Jones: Raiders Lost,,,1/23/2026,Specials/Film,  298 , Too early ,Too early," $ 21,482 "," $ 90,000 ",24%,Too early,  298 ,"  1,107 ", Too early ,Too early," $ 21,482 "," $ 90,000 ",24%,Too early,,,,,"  1,302 ",23%, $ 72 ,,,,"$21,092.00 ",$389.90
21,18,1/19/2026,26 Indiana Jones: Raiders Lost,,,1/24/2026,Specials/Film,  481 , Too early ,Too early," $ 34,988 "," $ 90,000 ",39%,Too early,  481 ,"  1,107 ", Too early ,Too early," $ 34,988 "," $ 90,000 ",39%,Too early,,,,,"  1,302 ",37%, $ 73 ,,,,"$34,163.00 ",$825.10
21,18,1/19/2026,26 Indiana Jones: Raiders Lost,,,1/25/2026,Specials/Film,  378 , Too early ,Too early," $ 26,457 "," $ 90,000 ",29%,Too early,  378 ,"  1,107 ", Too early ,Too early," $ 26,457 "," $ 90,000 ",29%,Too early,,,,,"  1,302 ",29%, $ 70 ,,,,"$25,551.00 ",$906.10
22,19,1/26/2026,26 CS06 Beethoven+,,,1/30/2026,Classical,  428 , Too early ,Too early," $ 28,368 "," $ 54,000 ",53%,Too early,  66 ,"  1,044 ", Too early ,Too early," $ 3,581 "," $ 24,000 ",15%,Too early,  362 ," $ 24,787 "," $ 30,000 ",83%,"  1,590 ",27%, $ 66 ,,,,"$28,532.00 ",-$164.00
22,19,1/26/2026,26 CS06 Beethoven+,,,1/31/2026,Classical,  691 , Too early ,Too early," $ 45,501 "," $ 75,000 ",61%,Too early,  91 ,  842 , Too early ,Too early," $ 5,377 "," $ 20,000 ",27%,Too early,  600 ," $ 40,124 "," $ 55,000 ",73%,"  1,590 ",43%, $ 66 ,,,,"$45,126.00 ",$374.90
22,19,1/26/2026,26 CS06 Beethoven+,,,2/1/2026,Classical,  677 , Too early ,Too early," $ 43,394 "," $ 75,000 ",58%,Too early,  69 ,  835 , Too early ,Too early," $ 4,454 "," $ 20,000 ",22%,Too early,  608 ," $ 38,940 "," $ 55,000 ",71%,"  1,590 ",43%, $ 64 ,,,,"$43,439.00 ",-$44.80
23,20,2/2/2026,26 On-Stage 2,,,2/5/2026,On Stage,  19 , Too early ,Too early," $ 1,960 "," $ 9,000 ",22%,Too early,  19 ,  85 , Too early ,Too early," $ 1,960 "," $ 9,000 ",22%,Too early,,,,,  100 ,19%, $ 103 ,,,,"$1,960.00 ",$0.00
23,20,2/2/2026,26 CS07 Prokofiev's Fifth Symphony,,,2/6/2026,Classical,  618 , Too early ,Too early," $ 39,823 "," $ 46,666 ",85%,Too early,  60 ,  877 , Too early ,Too early," $ 2,488 "," $ 13,333 ",19%,Too early,  558 ," $ 37,335 "," $ 33,333 ",112%,"  1,590 ",39%, $ 64 ,,,,"$40,002.00 ",-$179.00
23,20,2/2/2026,27 CS07 Prokofiev's Fifth Symphony,,,2/7/2026,Classical,  604 , Too early ,Too early," $ 38,606 "," $ 46,666 ",83%,Too early,  46 ,  877 , Too early ,Too early," $ 2,312 "," $ 13,333 ",17%,Too early,  558 ," $ 36,294 "," $ 33,333 ",109%,"  1,590 ",38%, $ 64 ,,,,"$38,756.00 ",-$149.80
23,20,2/2/2026,28 CS07 Prokofiev's Fifth Symphony,,,2/8/2026,Classical,  604 , Too early ,Too early," $ 38,063 "," $ 46,667 ",82%,Too early,  44 ,  876 , Too early ,Too early," $ 1,922 "," $ 13,333 ",14%,Too early,  560 ," $ 36,141 "," $ 33,334 ",108%,"  1,590 ",38%, $ 63 ,,,,"$37,659.00 ",$404.10
24,21,2/9/2026,26 Chris Thile,,,2/12/2026,Specials,  307 , Too early ,Too early," $ 27,005 "," $ 128,900 ",21%,Too early,  307 ,"  1,352 ", Too early ,Too early," $ 27,005 "," $ 128,900 ",21%,Too early,,,,,"  1,590 ",19%, $ 88 ,,,,"$26,876.00 ",$129.00
24,21,2/9/2026,26 PS3 She's Got Soul,,,2/13/2026,Pops,  787 , Too early ,Too early," $ 55,909 "," $ 94,666 ",59%,Too early,  64 ,  737 , Too early ,Too early," $ 3,895 "," $ 53,333 ",7%,Too early,  723 ," $ 52,014 "," $ 41,333 ",126%,"  1,590 ",49%, $ 71 ,,,,"$55,761.00 ",$148.10
24,21,2/9/2026,26 PS3 She's Got Soul,,,2/14/2026,Pops,  715 , Too early ,Too early," $ 50,571 "," $ 94,667 ",53%,Too early,  44 ,  781 , Too early ,Too early," $ 2,021 "," $ 53,333 ",4%,Too early,  671 ," $ 48,550 "," $ 41,334 ",117%,"  1,590 ",45%, $ 71 ,,,,"$50,567.00 ",$3.80
24,21,2/9/2026,26 PS3 She's Got Soul,,,2/15/2026,Pops,  439 , Too early ,Too early," $ 29,655 "," $ 94,666 ",31%,Too early,  58 ,"  1,028 ", Too early ,Too early," $ 3,704 "," $ 53,333 ",7%,Too early,  381 ," $ 25,951 "," $ 41,333 ",63%,"  1,590 ",28%, $ 68 ,,,,"$29,655.00 ",$0.30
25,22,2/16/2026,26 Harry Potter 2: Chamber,,,2/19/2026,Specials/Film,  132 , Too early ,Too early," $ 9,362 "," $ 111,250 ",8%,Too early,  132 ,"  1,107 ", Too early ,Too early," $ 9,362 "," $ 111,250 ",8%,Too early,,,,,"  1,302 ",10%, $ 71 ,,,,"$9,362.00 ",-$0.50
25,22,2/16/2026,26 Harry Potter 2: Chamber,,,2/20/2026,Specials/Film,  243 , Too early ,Too early," $ 17,663 "," $ 111,250 ",16%,Too early,  243 ,"  1,107 ", Too early ,Too early," $ 17,663 "," $ 111,250 ",16%,Too early,,,,,"  1,302 ",19%, $ 73 ,,,,"$17,618.00 ",$45.00
25,22,2/16/2026,26 Harry Potter 2: Chamber,,,2/21/2026,Specials/Film,  418 , Too early ,Too early," $ 31,515 "," $ 111,250 ",28%,Too early,  418 ,"  1,107 ", Too early ,Too early," $ 31,515 "," $ 111,250 ",28%,Too early,,,,,"  1,302 ",32%, $ 75 ,,,,"$29,430.00 ","$2,085.00"
25,22,2/16/2026,26 Harry Potter 2: Chamber,,,2/22/2026,Specials/Film,  501 , Too early ,Too early," $ 33,793 "," $ 111,250 ",30%,Too early,  501 ,"  1,107 ", Too early ,Too early," $ 33,793 "," $ 111,250 ",30%,Too early,,,,,"  1,302 ",38%, $ 67 ,,,,"$32,563.00 ","$1,229.50"
26,23,2/23/2026,26 FS3 Philharmonia Fantastique,,,3/1/2026,Family,  349 , Too early ,Too early," $ 8,100 "," $ 19,500 ",42%,Too early,  50 ,  853 , Too early ,Too early," $ 1,461 "," $ 10,000 ",15%,Too early,  299 ," $ 6,639 "," $ 9,500 ",70%,"  1,302 ",27%, $ 23 ,,,,"$8,100.00 ",$0.00
27,24,3/2/2026,OPEN,,,,,  -   , Too early ,, $ -   , $ -   ,#DIV/0!,,,, Too early ,,,,,,,,,N/A,,#DIV/0!,#DIV/0!,,,, $-   ,
28,25,3/9/2026,26 CS08 Saint-Saëns & Strauss,,,3/13/2026,Classical,  618 , Too early ,Too early," $ 40,846 "," $ 54,999 ",74%,Too early,  49 ,  868 , Too early ,Too early," $ 2,637 "," $ 18,333 ",14%,Too early,  569 ," $ 38,209 "," $ 36,666 ",104%,"  1,590 ",39%, $ 66 ,,,,"$40,801.00 ",$45.00
28,25,3/9/2026,26 CS08 Saint-Saëns & Strauss,,,3/14/2026,Classical,  622 , Too early ,Too early," $ 39,753 "," $ 55,000 ",72%,Too early,  59 ,  873 , Too early ,Too early," $ 3,194 "," $ 18,333 ",17%,Too early,  563 ," $ 36,559 "," $ 36,667 ",100%,"  1,590 ",39%, $ 64 ,,,,"$39,207.00 ",$546.20
28,25,3/9/2026,26 CS08 Saint-Saëns & Strauss,,,3/15/2026,Classical,  642 , Too early ,Too early," $ 41,030 "," $ 55,000 ",75%,Too early,  71 ,  866 , Too early ,Too early," $ 4,324 "," $ 18,333 ",24%,Too early,  571 ," $ 36,706 "," $ 36,667 ",100%,"  1,590 ",40%, $ 64 ,,,,"$40,659.00 ",$371.10
29,26,3/16/2026,OPEN,,,,,  -   , Too early ,, $ -   , $ -   ,#DIV/0!,,,, Too early ,,,,,,,,,N/A,,#DIV/0!,#DIV/0!,,,, $-   ,
30,27,3/23/2026,Final Symphony,,,3/25/2026,Specials,  86 , Too early ,Too early," $ 5,437 "," $ 84,109 ",6%,Too early,  86 ,"  1,352 ", Too early ,Too early," $ 5,437 "," $ 84,109 ",6%,Too early,,,,,"  1,590 ",5%, $ 63 ,,,,"$5,227.00 ",$210.00
30,27,3/23/2026,Final Symphony,,,3/26/2026,Specials,  87 , Too early ,Too early," $ 5,028 "," $ 84,109 ",6%,Too early,  87 ,"  1,352 ", Too early ,Too early," $ 5,028 "," $ 84,109 ",6%,Too early,,,,,"  1,590 ",5%, $ 58 ,,,,"$4,627.00 ",$400.50
30,27,3/23/2026,26 PS4 Billy Joel & Elton John,,,3/27/2026,Pops,  900 , Too early ,Too early," $ 64,129 "," $ 94,666 ",68%,Too early,  161 ,  723 , Too early ,Too early," $ 10,835 "," $ 53,333 ",20%,Too early,  739 ," $ 53,294 "," $ 41,333 ",129%,"  1,590 ",57%, $ 71 ,,,,"$63,832.00 ",$297.10
30,27,3/23/2026,26 PS4 Billy Joel & Elton John,,,3/28/2026,Pops,  847 , Too early ,Too early," $ 60,901 "," $ 94,667 ",64%,Too early,  173 ,  779 , Too early ,Too early," $ 12,189 "," $ 53,333 ",23%,Too early,  674 ," $ 48,712 "," $ 41,334 ",118%,"  1,590 ",53%, $ 72 ,,,,"$60,453.00 ",$447.80
30,27,3/23/2026,26 PS4 Billy Joel & Elton John,,,3/29/2026,Pops,  604 , Too early ,Too early," $ 41,993 "," $ 94,666 ",44%,Too early,  219 ,"  1,024 ", Too early ,Too early," $ 15,849 "," $ 53,333 ",30%,Too early,  385 ," $ 26,144 "," $ 41,333 ",63%,"  1,590 ",38%, $ 70 ,,,,"$41,009.00 ",$983.60
31,28,3/30/2026,OPEN,,,,,  -   , Too early ,, $ -   , $ -   ,#DIV/0!,,,, Too early ,,,,,,,,,N/A,,#DIV/0!,#DIV/0!,,,, $-   ,
32,29,4/6/2026,26 CS09 Midsummer Night's Dream,,,4/10/2026,Classical,  415 , Too early ,Too early," $ 27,729 "," $ 52,000 ",53%,Too early,  48 ,  906 , Too early ,Too early," $ 2,074 "," $ 22,000 ",9%,Too early,  367 ," $ 25,655 "," $ 30,000 ",86%,"  1,433 ",29%, $ 67 ,,,,"$27,619.00 ",$110.00
32,29,4/6/2026,26 CS09 Midsummer Night's Dream,,,4/11/2026,Classical,  660 , Too early ,Too early," $ 41,302 "," $ 74,000 ",56%,Too early,  94 ,  737 , Too early ,Too early," $ 4,786 "," $ 24,000 ",20%,Too early,  566 ," $ 36,516 "," $ 50,000 ",73%,"  1,433 ",46%, $ 63 ,,,,"$40,940.00 ",$362.00
32,29,4/6/2026,26 CS09 Midsummer Night's Dream,,,4/12/2026,Classical,  634 , Too early ,Too early," $ 39,738 "," $ 74,000 ",54%,Too early,  64 ,  734 , Too early ,Too early," $ 2,879 "," $ 24,000 ",12%,Too early,  570 ," $ 36,859 "," $ 50,000 ",74%,"  1,433 ",44%, $ 63 ,,,,"$39,401.00 ",$337.10
33,30,4/13/2026,26 CS10 Farrenc/Dvorák/Schuman,,,4/17/2026,Classical,  604 , Too early ,Too early," $ 39,793 "," $ 46,666 ",85%,Too early,  30 ,  864 , Too early ,Too early," $ 1,047 "," $ 13,333 ",8%,Too early,  574 ," $ 38,746 "," $ 33,333 ",116%,"  1,590 ",38%, $ 66 ,,,,"$39,639.00 ",$154.00
33,30,4/13/2026,26 CS10 Farrenc/Dvorák/Schuman,,,4/18/2026,Classical,  626 , Too early ,Too early," $ 41,724 "," $ 46,666 ",89%,Too early,  30 ,  845 , Too early ,Too early," $ 1,233 "," $ 13,333 ",9%,Too early,  596 ," $ 40,491 "," $ 33,333 ",121%,"  1,590 ",39%, $ 67 ,,,,"$41,437.00 ",$286.90
33,30,4/13/2026,26 CS10 Farrenc/Dvorák/Schuman,,,4/19/2026,Classical,  654 , Too early ,Too early," $ 41,460 "," $ 46,667 ",89%,Too early,  36 ,  826 , Too early ,Too early," $ 1,580 "," $ 13,333 ",12%,Too early,  618 ," $ 39,880 "," $ 33,334 ",120%,"  1,590 ",41%, $ 63 ,,,,"$41,505.00 ",-$44.80
34,31,4/20/2026,OPEN,,,,,  -   , Too early ,, $ -   , $ -   ,#DIV/0!,,,, Too early ,,,,,,,,,N/A,,#DIV/0!,#DIV/0!,,,, $-   ,
35,32,4/27/2026,OPEN,,,,,  -   , Too early ,, $ -   , $ -   ,#DIV/0!,,,, Too early ,,,,,,,,,N/A,,#DIV/0!,#DIV/0!,,,, $-   ,
36,33,5/4/2026,26 CS11 Grieg's Piano Concerto,,,5/8/2026,Classical,  420 , Too early ,Too early," $ 27,937 "," $ 45,000 ",62%,Too early,  48 ,"  1,035 ", Too early ,Too early," $ 2,256 "," $ 20,000 ",11%,Too early,  372 ," $ 25,681 "," $ 25,000 ",103%,"  1,590 ",26%, $ 67 ,,,,"$27,922.00 ",$15.00
36,33,5/4/2026,26 CS11 Grieg's Piano Concerto,,,5/9/2026,Classical,  689 , Too early ,Too early," $ 45,769 "," $ 65,000 ",70%,Too early,  89 ,  842 , Too early ,Too early," $ 5,356 "," $ 17,500 ",31%,Too early,  600 ," $ 40,413 "," $ 47,500 ",85%,"  1,590 ",43%, $ 66 ,,,,"$45,567.00 ",$201.90
36,33,5/4/2026,26 CS11 Grieg's Piano Concerto,,,5/10/2026,Classical,  674 , Too early ,Too early," $ 42,812 "," $ 65,000 ",66%,Too early,  64 ,  833 , Too early ,Too early," $ 3,348 "," $ 17,500 ",19%,Too early,  610 ," $ 39,464 "," $ 47,500 ",83%,"  1,590 ",42%, $ 64 ,,,,"$42,846.00 ",-$33.80
37,34,5/11/2026,26 PS5 Dolly Parton's Threads,,,5/15/2026,Pops,  807 , Too early ,Too early," $ 67,716 "," $ 103,333 ",66%,Too early,  69 ,  479 , Too early ,Too early," $ 5,283 "," $ 60,000 ",9%,Too early,  738 ," $ 62,433 "," $ 43,333 ",144%,"  1,302 ",62%, $ 84 ,,,,"$67,528.00 ",$188.00
37,34,5/11/2026,26 PS5 Dolly Parton's Threads,,,5/16/2026,Pops,  744 , Too early ,Too early," $ 62,277 "," $ 103,334 ",60%,Too early,  68 ,  532 , Too early ,Too early," $ 4,810 "," $ 60,000 ",8%,Too early,  676 ," $ 57,467 "," $ 43,334 ",133%,"  1,302 ",57%, $ 84 ,,,,"$62,273.00 ",$4.00
37,34,5/11/2026,26 PS5 Dolly Parton's Threads,,,5/17/2026,Pops,  502 , Too early ,Too early," $ 39,876 "," $ 103,333 ",39%,Too early,  113 ,  776 , Too early ,Too early," $ 8,946 "," $ 60,000 ",15%,Too early,  389 ," $ 30,930 "," $ 43,333 ",71%,"  1,302 ",39%, $ 79 ,,,,"$39,876.00 ",$0.00
38,35,5/18/2026,OPEN,,,,,  -   , Too early ,, $ -   , $ -   ,#DIV/0!,,,, Too early ,,,,,,,,,N/A,,#DIV/0!,#DIV/0!,,,, $-   ,
38,45,5/18/2026,Ben Rector,,,5/21/2026,Specials,  105 , Too early ,Too early," $ 8,896 "," $ 112,468 ",8%,Too early,  105 ,"  1,352 ", Too early ,Too early," $ 8,896 "," $ 112,468 ",8%,Too early,,,,,"  1,590 ",7%, $ 85 ,,,,"$8,896.00 ",$0.00
38,45,5/18/2026,Ben Rector,,,5/22/2026,Specials,  184 , Too early ,Too early," $ 17,072 "," $ 112,468 ",15%,Too early,  184 ,"  1,352 ", Too early ,Too early," $ 17,072 "," $ 112,468 ",15%,Too early,,,,,"  1,590 ",12%, $ 93 ,,,,"$15,962.00 ","$1,110.00"
39,36,5/25/2026,26 On-Stage 3,,,5/28/2026,On Stage,  17 , Too early ,Too early," $ 1,680 "," $ 9,000 ",19%,Too early,  17 ,  85 , Too early ,Too early," $ 1,680 "," $ 9,000 ",19%,Too early,,,,,  100 ,17%, $ 99 ,,,,"$1,680.00 ",$0.00
39,36,5/25/2026,26 CS12 Gil Shaham Plays Brahm's 4th,,,5/29/2026,Classical,  607 , Too early ,Too early," $ 39,074 "," $ 51,666 ",76%,Too early,  46 ,  875 , Too early ,Too early," $ 1,476 "," $ 20,000 ",7%,Too early,  561 ," $ 37,598 "," $ 31,666 ",119%,"  1,590 ",38%, $ 64 ,,,,"$39,098.00 ",-$24.00
39,36,5/25/2026,27 CS12 Gil Shaham Plays Brahm's 4th,,,5/30/2026,Classical,  620 , Too early ,Too early," $ 38,938 "," $ 51,667 ",75%,Too early,  47 ,  864 , Too early ,Too early," $ 1,715 "," $ 20,000 ",9%,Too early,  573 ," $ 37,223 "," $ 31,667 ",118%,"  1,590 ",39%, $ 63 ,,,,"$38,770.00 ",$168.00
39,36,5/25/2026,28 CS12 Gil Shaham Plays Brahm's 4th,,,5/31/2026,Classical,  636 , Too early ,Too early," $ 39,948 "," $ 51,667 ",77%,Too early,  64 ,  865 , Too early ,Too early," $ 2,881 "," $ 20,000 ",14%,Too early,  572 ," $ 37,067 "," $ 31,667 ",117%,"  1,590 ",40%, $ 63 ,,,,"$39,611.00 ",$336.50
40,37,6/1/2026,26 On-Stage 4,,,6/4/2026,On Stage,  20 , Too early ,Too early," $ 2,100 "," $ 9,000 ",23%,Too early,  20 ,  85 , Too early ,Too early," $ 2,100 "," $ 9,000 ",23%,Too early,,,,,  100 ,20%, $ 105 ,,,,"$2,100.00 ",$0.00
40,37,6/1/2026,26 CS13 Rachmaninoff Cele Pt 2,,,6/5/2026,Classical,  622 , Too early ,Too early," $ 41,049 "," $ 66,666 ",62%,Too early,  47 ,  863 , Too early ,Too early," $ 2,422 "," $ 30,000 ",8%,Too early,  575 ," $ 38,627 "," $ 36,666 ",105%,"  1,590 ",39%, $ 66 ,,,,"$41,193.00 ",-$144.00
40,37,6/1/2026,26 CS13 Rachmaninoff Cele Pt 2,,,6/6/2026,Classical,  684 , Too early ,Too early," $ 45,695 "," $ 66,667 ",69%,Too early,  81 ,  839 , Too early ,Too early," $ 4,789 "," $ 30,000 ",16%,Too early,  603 ," $ 40,906 "," $ 36,667 ",112%,"  1,590 ",43%, $ 67 ,,,,"$45,445.00 ",$249.90
40,37,6/1/2026,26 CS13 Rachmaninoff Cele Pt 2,,,6/7/2026,Classical,  720 , Too early ,Too early," $ 46,005 "," $ 66,667 ",69%,Too early,  90 ,  816 , Too early ,Too early," $ 5,394 "," $ 30,000 ",18%,Too early,  630 ," $ 40,611 "," $ 36,667 ",111%,"  1,590 ",45%, $ 64 ,,,,"$45,813.00 ",$191.60
41,38,6/8/2026,OPEN,,,,,  -   , Too early ,, $ -   , $ -   ,#DIV/0!,,,, Too early ,,,,,,,,,N/A,,#DIV/0!,#DIV/0!,,,, $-   ,
42,39,6/15/2026,26 CS14 Rhapsody in Blue,,,6/19/2026,Classical,  468 , Too early ,Too early," $ 31,448 "," $ 60,000 ",52%,Too early,  89 ,"  1,029 ", Too early ,Too early," $ 5,228 "," $ 30,000 ",17%,Too early,  379 ," $ 26,220 "," $ 30,000 ",87%,"  1,590 ",29%, $ 67 ,,,,"$31,433.00 ",$15.00
42,39,6/15/2026,26 CS14 Rhapsody in Blue,,,6/20/2026,Classical,  783 , Too early ,Too early," $ 49,815 "," $ 70,000 ",71%,Too early,  195 ,  852 , Too early ,Too early," $ 11,643 "," $ 27,500 ",42%,Too early,  588 ," $ 38,172 "," $ 42,500 ",90%,"  1,590 ",49%, $ 64 ,,,,"$49,647.00 ",$168.00
42,39,6/15/2026,26 CS14 Rhapsody in Blue,,,6/21/2026,Classical,  746 , Too early ,Too early," $ 47,300 "," $ 70,000 ",68%,Too early,  179 ,  870 , Too early ,Too early," $ 10,594 "," $ 27,500 ",39%,Too early,  567 ," $ 36,706 "," $ 42,500 ",86%,"  1,590 ",47%, $ 63 ,,,,"$46,963.00 ",$337.00
,,,,,,,,,,,,,,,,,,,,,,,,,,,,,,,,,,"$76,734.70"
,,,CLASSICAL,,,,,  -   ,  -   ,, $ -   ," $ 2,139,000 ",,,  -   ,,  -   ,, $ -   ," $ 704,000 ",,,  -   , $ -   ," $ 1,435,000 ",,  -   ,#DIV/0!,#DIV/0!,,,,,
,,,PIAZZA,,,,,  -   ,  -   ,, $ -   ," $ 363,000 ",,,  -   ,,  -   ,, $ -   ," $ 163,000 ",,,  -   , $ -   ," $ 200,000 ",,  -   ,#DIV/0!,#DIV/0!,,,,,
,,,POPS,,,,,  -   ,  -   ,, $ -   ," $ 1,457,000 ",,,  -   ,,  -   ,, $ -   ," $ 838,000 ",,,  -   , $ -   ," $ 619,000 ",,  -   ,#DIV/0!,#DIV/0!,,,,,
,,,FAMILY,,,,,  -   ,  -   ,, $ -   ," $ 525,950 ",,,  -   ,,  -   ,, $ -   ," $ 485,000 ",,,  -   , $ -   ," $ 40,950 ",,  -   ,#DIV/0!,#DIV/0!,,,,,
,,,FILM,,,,,  -   ,  -   ,, $ -   ," $ 1,745,490 ",,,  -   ,,  -   ,, $ -   ," $ 1,745,490 ",,,  -   , $ -   , $ -   ,,  -   ,#DIV/0!,#DIV/0!,,,,,
,,,ON STAGE,,,,,  -   ,  -   ,, $ -   ," $ 38,200 ",,,  -   ,,  -   ,, $ -   ," $ 38,200 ",,,  -   , $ -   , $ -   ,,  -   ,#DIV/0!,#DIV/0!,,,,,
,,,OTHER,,,,,  -   ,  -   ,, $ -   ,,,,  -   ,,  -   ,, $ -   ,,,,  -   , $ -   , $ -   ,,  -   ,#DIV/0!,#DIV/0!,,,,,
,,,ALL CONCERTS,,,,,  -   ,  -   ,,  -   ,"  6,268,640 ",,,  -   ,,  -   ,, $ -   ," $ 3,973,690 ",,,  -   , $ -   ," $ 2,169,893 ",,0,#DIV/0!,#DIV/0!,,,,,
,,,,,,,,,,,,,,,,,,,,,,,,,,,,,,,,,,
,,,,,,,,,,,,,,,,,,,,,,,,,,,,,,,,,,
,,,,,,,,,,,,,,,,,,,,,,,,,,,,,,,,,,
,,,,,,,,,Future Improvements:,,,,,,,,,,,,,,,,,,,,,,,,,
,,,,,,,,,Set GYR Occ goals by performance type ,,,,,,,,,,,,,,,,,,,,,,,,,
,,,,,,,,,Build projections for summaries by performance type,,,,,,,,,,,,,,,,,,,,,,,,,
,,,,,,,,,Reconcile Subscription actuals (Chuck data) with Tessitura reporting at performance level ,,,,,,,,,,,,,,,,,,,,,,,,,
,,,,,,,,,Evalute Week 0 logic for projections - do we need to lag by a week?,,,,,,,,,,,,,,,,,,,,,,,,,